id,Existing Customer,Attrited Customer
0,0.9975446660748944,0.0024553339251055244
1,0.9964940877570309,0.0035059122429691113
2,0.977913474730376,0.02208652526962395
3,0.9968302367535375,0.0031697632464625
4,0.9999556874819556,4.4312518044333124e-05
5,0.0011173527429997332,0.9988826472570003
6,0.9999986484555978,1.351544402171044e-06
7,0.9987477285438889,0.0012522714561110264
8,0.9943731354774673,0.005626864522532682
9,0.9999479896296346,5.20103703653852e-05
10,0.9862606029272997,0.013739397072700294
11,0.0039258660533867396,0.9960741339466133
12,0.9910028789222403,0.00899712107775974
13,0.9999854461855838,1.4553814416148364e-05
14,0.5232020498650211,0.47679795013497894
15,0.9996651848175346,0.00033481518246535107
16,0.9999895845115417,1.0415488458243067e-05
17,0.9976134801154575,0.0023865198845425557
18,0.09368708771326484,0.9063129122867352
19,0.9993570560733955,0.0006429439266044491
20,0.9999288619502278,7.113804977226145e-05
21,0.9998974346755458,0.00010256532445415363
22,0.9999902347433132,9.765256686789383e-06
23,0.9999891847580968,1.0815241903120899e-05
24,0.020867938505701344,0.9791320614942987
25,0.9998715093493887,0.00012849065061127973
26,0.998654970671386,0.0013450293286140368
27,0.9999960820112049,3.917988795045355e-06
28,0.9998694691387019,0.00013053086129810165
29,0.9957706864360174,0.004229313563982571
30,0.999749424008689,0.0002505759913109197
31,0.9999825875609326,1.7412439067366908e-05
32,0.9987238486834714,0.001276151316528553
33,0.6611903638680412,0.33880963613195875
34,0.9994881800473303,0.0005118199526696603
35,0.9998091554600304,0.00019084453996960887
36,0.9998204256238431,0.00017957437615685688
37,0.9999963149282564,3.685071743673227e-06
38,0.07359140443340995,0.92640859556659
39,0.9997756310392072,0.00022436896079285732
40,0.9998088135661714,0.0001911864338286016
41,0.03428130613957148,0.9657186938604285
42,0.998747772972486,0.0012522270275139914
43,0.02315760608080708,0.9768423939191929
44,0.9965846635703479,0.00341533642965206
45,0.9993453403517025,0.0006546596482974726
46,0.9999671942404497,3.2805759550341746e-05
47,0.9777348288685962,0.02226517113140379
48,0.9999052607719372,9.473922806279075e-05
49,0.9999792339573121,2.0766042687897458e-05
50,0.998354505886151,0.0016454941138489471
51,0.2871144459819237,0.7128855540180763
52,0.9999517881706145,4.821182938554242e-05
53,0.9996528904766538,0.00034710952334615294
54,0.5500791053122025,0.44992089468779756
55,0.03853182599545535,0.9614681740045447
56,0.05650657412614657,0.9434934258738534
57,0.9993052213665911,0.0006947786334089299
58,0.9980283576611496,0.001971642338850441
59,0.980624575919049,0.019375424080951092
60,0.9999727362920571,2.7263707942937308e-05
61,0.6315269845542453,0.3684730154457547
62,0.9991680943912351,0.0008319056087649149
63,0.9974838700990243,0.0025161299009756857
64,0.32852396190216837,0.6714760380978316
65,0.9987400085327673,0.0012599914672326567
66,0.9992233088311011,0.000776691168898931
67,0.01111194685076533,0.9888880531492347
68,0.042182291297038876,0.9578177087029611
69,0.9998931642760395,0.0001068357239604969
70,0.9990760317370919,0.0009239682629080626
71,0.9999892552609074,1.0744739092522284e-05
72,0.9973728733534387,0.002627126646561321
73,0.998364711993722,0.0016352880062779475
74,0.9997234011610191,0.00027659883898085085
75,0.9999882017145795,1.1798285420521517e-05
76,0.9999805381922083,1.9461807791627844e-05
77,0.14846959125327897,0.851530408746721
78,0.9978377044662492,0.0021622955337508103
79,0.9999664589587749,3.354104122515973e-05
80,0.998801960133791,0.001198039866209031
81,0.9999451049560479,5.4895043952008545e-05
82,0.9999922355908922,7.764409107756136e-06
83,0.9999898642743636,1.0135725636388591e-05
84,0.9928117221566475,0.0071882778433524875
85,0.9999809791432261,1.9020856773905875e-05
86,0.24508812391387114,0.7549118760861289
87,0.9999941070648989,5.892935101150387e-06
88,0.999961160845936,3.8839154063998035e-05
89,0.9999957266053283,4.273394671637406e-06
90,0.9999742830756821,2.5716924317803086e-05
91,0.9989928945069219,0.001007105493078147
92,0.6535479370317272,0.34645206296827286
93,0.9998483343326898,0.00015166566731020565
94,0.9998074852308055,0.00019251476919446598
95,0.5935646355052213,0.40643536449477863
96,0.9996148337100139,0.0003851662899860827
97,0.9996894058261864,0.00031059417381358443
98,0.00421973247334384,0.9957802675266562
99,0.99932297961103,0.0006770203889699785
100,0.0050951915429766625,0.9949048084570233
101,0.9664064659901803,0.03359353400981967
102,0.9996464732843425,0.0003535267156574996
103,0.9999791877348542,2.08122651458648e-05
104,0.9997568872488597,0.00024311275114026294
105,0.9999427236417822,5.7276358217846165e-05
106,0.9999934596882367,6.540311763279889e-06
107,0.9999590785979291,4.0921402070929444e-05
108,0.9986687792979161,0.0013312207020839545
109,0.01862427040867254,0.9813757295913275
110,0.9999387579933278,6.124200667220736e-05
111,0.0023876378443693502,0.9976123621556306
112,0.998191507691343,0.0018084923086569477
113,0.8620659507497725,0.13793404925022743
114,0.9996015779045915,0.0003984220954085446
115,0.99997093115219,2.9068847809934582e-05
116,0.9999025961793131,9.740382068694577e-05
117,0.9911833727280817,0.00881662727191837
118,0.9998587777531355,0.00014122224686449172
119,0.9992306745125429,0.0007693254874571481
120,0.9870819974052435,0.012918002594756482
121,0.999789753936383,0.0002102460636169643
122,0.9941925540685098,0.005807445931490221
123,0.9999985632701386,1.4367298614032245e-06
124,0.9998180888299455,0.00018191117005455498
125,0.9998402508721256,0.00015974912787441244
126,0.0006630664688501708,0.9993369335311498
127,0.9981291844256954,0.0018708155743045285
128,0.03126616028560958,0.9687338397143904
129,0.9999576404039566,4.235959604336783e-05
130,0.9999759266562604,2.4073343739530575e-05
131,0.9858915462624559,0.014108453737544125
132,0.9990836351100665,0.0009163648899335335
133,0.9992676605654296,0.0007323394345704569
134,0.9997502971031884,0.0002497028968115724
135,0.9996441084562888,0.00035589154371120827
136,0.9991048927506785,0.0008951072493214728
137,0.9999749980111844,2.500198881562686e-05
138,0.9999634047402473,3.6595259752776096e-05
139,0.43666902716754485,0.5633309728324551
140,0.9998111604294843,0.00018883957051570607
141,0.9999855259846933,1.4474015306717652e-05
142,0.9998899998271289,0.000110000172871086
143,0.9997080612776817,0.0002919387223182334
144,0.9994664225699641,0.0005335774300359279
145,0.01378611899054838,0.9862138810094516
146,0.999966879379805,3.312062019502063e-05
147,0.004262913377905075,0.9957370866220949
148,0.9959447135353472,0.0040552864646527945
149,0.08600350778299692,0.9139964922170031
150,0.007821437087944805,0.9921785629120552
151,0.0003102197992589373,0.9996897802007411
152,0.9999598159880263,4.018401197366946e-05
153,0.005689513732938245,0.9943104862670618
154,0.9988835600157855,0.0011164399842145563
155,0.9999807233060041,1.927669399593168e-05
156,0.9999839735729779,1.6026427022194872e-05
157,0.9997938547452033,0.0002061452547966973
158,0.2018486785423017,0.7981513214576983
159,0.0733821399299478,0.9266178600700522
160,0.9999922351262718,7.764873728177364e-06
161,0.9978671337068575,0.0021328662931424593
162,0.998912755518451,0.001087244481548917
163,0.013525787338283246,0.9864742126617168
164,0.999911684207327,8.831579267294308e-05
165,0.9629450840668593,0.037054915933140684
166,0.9855040492577347,0.014495950742265295
167,0.9999680416131824,3.195838681759356e-05
168,0.9983551093087587,0.0016448906912413122
169,0.9998117822094894,0.0001882177905106213
170,0.9990910173591289,0.0009089826408711224
171,0.9999882827168058,1.1717283194153156e-05
172,0.07251050004853721,0.9274894999514628
173,0.9999196461185765,8.03538814234776e-05
174,0.9998452100285014,0.00015478997149862386
175,0.997839000222019,0.0021609997779810652
176,0.9999927997708326,7.200229167474524e-06
177,0.9988697758571387,0.0011302241428613083
178,0.9996876462218667,0.00031235377813336506
179,0.9973304972140825,0.002669502785917489
180,0.01305109883001343,0.9869489011699866
181,0.999267207427356,0.0007327925726440504
182,0.30008998214765337,0.6999100178523466
183,0.9999484709951746,5.1529004825429506e-05
184,0.998175936748872,0.0018240632511280137
185,0.03313820271850698,0.966861797281493
186,0.9991143435021133,0.0008856564978866978
187,0.9996659932796123,0.00033400672038779827
188,0.9697466748697253,0.030253325130274674
189,0.9842946139394265,0.015705386060573517
190,0.9989939099553391,0.001006090044660919
191,0.000409062394013171,0.9995909376059868
192,0.0660833090197066,0.9339166909802934
193,0.8294643748779214,0.1705356251220787
194,0.9999412387995519,5.876120044807002e-05
195,0.9999909311560151,9.06884398491215e-06
196,0.999024020211326,0.0009759797886740181
197,0.998687404860519,0.0013125951394809814
198,0.9979964671406709,0.002003532859329037
199,0.9999551702139439,4.482978605615772e-05
200,0.031012264569333148,0.9689877354306669
201,0.3616006185078475,0.6383993814921525
202,0.9979504240867513,0.0020495759132487137
203,0.9997877465385481,0.00021225346145188528
204,0.9935261415686476,0.006473858431352384
205,0.9973723554535874,0.002627644546412653
206,0.9999733608738736,2.6639126126466605e-05
207,0.9962511399679377,0.0037488600320622688
208,0.6237398412506674,0.37626015874933266
209,0.9988267643133671,0.0011732356866328314
210,0.9998520562903463,0.0001479437096536366
211,0.9999350284156092,6.497158439075223e-05
212,0.0008414553866372687,0.9991585446133627
213,0.0010392785836909058,0.9989607214163091
214,0.9996044804981282,0.00039551950187181043
215,0.9992211485479551,0.000778851452044969
216,0.014623511844477854,0.9853764881555221
217,0.9955099784978175,0.004490021502182492
218,0.9999054179910714,9.458200892862357e-05
219,0.00022560600953447363,0.9997743939904655
220,0.9999341860710974,6.581392890256617e-05
221,0.0017777999875694395,0.9982222000124306
222,0.9962296075102959,0.003770392489704074
223,0.9997874447905818,0.00021255520941823093
224,0.04384903266483142,0.9561509673351686
225,0.9733293641188077,0.026670635881192294
226,0.8368778115554736,0.16312218844452642
227,0.9995077437284056,0.0004922562715944267
228,0.9998562491818465,0.0001437508181534943
229,0.9992990325639565,0.0007009674360435443
230,0.9993764866726375,0.000623513327362593
231,0.00879426611773737,0.9912057338822626
232,0.9998245873559053,0.00017541264409466615
233,0.9999877862934874,1.221370651255968e-05
234,0.9998921316323746,0.00010786836762549029
235,0.8604525647741548,0.13954743522584517
236,4.886294018580095e-05,0.9999511370598142
237,0.9999163561937224,8.364380627761893e-05
238,0.9998840603202417,0.00011593967975834735
239,0.994961913129261,0.0050380868707390405
240,0.7643302050259422,0.23566979497405788
241,0.9988338421438744,0.0011661578561256234
242,0.6468540344790099,0.35314596552099015
243,0.9841403250929499,0.015859674907050057
244,0.9658899613834085,0.03411003861659148
245,0.8384837642887396,0.1615162357112604
246,0.9998781075010195,0.00012189249898049723
247,0.9937677977889326,0.006232202211067306
248,0.9998948252491408,0.00010517475085929845
249,0.9999883386075087,1.1661392491289106e-05
250,0.9999921212847057,7.878715294301134e-06
251,0.9020688242343291,0.09793117576567084
252,0.993120062261238,0.006879937738762022
253,0.9995411889198196,0.00045881108018042946
254,0.9999763322516874,2.3667748312653706e-05
255,0.9990639623059637,0.0009360376940363215
256,0.999433605125856,0.0005663948741440109
257,0.9933081727113698,0.006691827288630143
258,0.9987204337555081,0.0012795662444918504
259,0.9968438987656206,0.0031561012343793394
260,0.047571500349018914,0.9524284996509811
261,0.999996660977047,3.339022953040938e-06
262,0.9383738190142471,0.06162618098575294
263,0.0006306410490835024,0.9993693589509165
264,0.9947918341214299,0.005208165878570112
265,0.9999981626029761,1.8373970238401388e-06
266,0.9997157894066917,0.0002842105933083041
267,0.9999408514605269,5.914853947307797e-05
268,0.9999604247548629,3.9575245137136474e-05
269,0.9996063803190387,0.00039361968096131815
270,0.9975457952744928,0.0024542047255071272
271,0.9998752322162017,0.00012476778379837995
272,0.9991281087350972,0.0008718912649028005
273,0.9748040869538732,0.025195913046126773
274,0.9953930578039518,0.004606942196048229
275,0.9301879567127828,0.06981204328721721
276,0.9951250219460557,0.004874978053944357
277,0.9965827976090894,0.0034172023909105924
278,0.9067525853515528,0.09324741464844719
279,0.999875384482265,0.00012461551773504517
280,0.9999414661308103,5.8533869189746196e-05
281,0.9998805363708775,0.00011946362912247234
282,0.9939373771813972,0.0060626228186027665
283,0.00535901500864544,0.9946409849913546
284,0.9985405506188124,0.0014594493811875746
285,0.04861784604648978,0.9513821539535102
286,0.9989978033350317,0.0010021966649682074
287,0.7477418652885038,0.25225813471149616
288,0.9990685039625292,0.0009314960374707499
289,0.9994659144018252,0.0005340855981747747
290,0.9970713039448069,0.0029286960551930647
291,0.9954811070288963,0.004518892971103746
292,0.9999321982138714,6.780178612866287e-05
293,0.9994119367524996,0.0005880632475003263
294,0.0007416711015358901,0.9992583288984641
295,0.9999113915437117,8.860845628829206e-05
296,0.9993480599369587,0.0006519400630412915
297,0.9999400550481023,5.9944951897606054e-05
298,0.9920364569672077,0.007963543032792376
299,0.999960847813477,3.9152186522993056e-05
300,0.9991495915968458,0.0008504084031541841
301,0.99734815408681,0.0026518459131899914
302,0.9999932837623833,6.716237616744889e-06
303,0.9996799436045263,0.0003200563954737103
304,0.9999924802476113,7.519752388642951e-06
305,0.9695629012062629,0.030437098793737162
306,0.9999652349908138,3.476500918616193e-05
307,0.998680618638198,0.0013193813618019416
308,0.9993936718911656,0.0006063281088344183
309,0.9999015174689098,9.848253109022456e-05
310,0.9509257376596614,0.049074262340338626
311,0.9999850647153075,1.4935284692582795e-05
312,0.005449902063513923,0.9945500979364861
313,0.9991939049178588,0.0008060950821412615
314,0.9999442319958721,5.576800412783023e-05
315,0.9999523490795945,4.76509204054341e-05
316,0.9997758382389281,0.000224161761071837
317,0.9995094377394179,0.0004905622605821061
318,0.00035648637283958173,0.9996435136271604
319,0.9987261450706058,0.0012738549293942211
320,0.9846081820621644,0.01539181793783565
321,0.9095516351543127,0.0904483648456873
322,0.998101671696981,0.0018983283030189046
323,0.9999496424912886,5.035750871139811e-05
324,0.9790733949680968,0.02092660503190327
325,0.9838885159541608,0.016111484045839126
326,0.9998314739055997,0.00016852609440028564
327,0.999980484333266,1.951566673395851e-05
328,0.8777292767669802,0.12227072323301978
329,0.9963324107600593,0.0036675892399406773
330,0.9961846852864468,0.0038153147135532384
331,0.999922055661213,7.794433878706765e-05
332,0.9996780080851492,0.00032199191485079927
333,0.9999794641750975,2.0535824902455993e-05
334,0.9997748826771029,0.0002251173228971198
335,0.99963448233928,0.0003655176607200558
336,0.993211652891516,0.006788347108483979
337,0.1456961509421223,0.8543038490578777
338,0.9970807761605437,0.0029192238394562635
339,0.9994578885501009,0.0005421114498991368
340,0.9997687385457524,0.00023126145424759654
341,0.01734499525571509,0.9826550047442849
342,0.9988333794835295,0.0011666205164705286
343,0.9999865554925378,1.3444507462230405e-05
344,0.9997861760949686,0.00021382390503141212
345,7.341648543246482e-05,0.9999265835145675
346,0.9999789850955473,2.1014904452730713e-05
347,0.9884465635363807,0.011553436463619334
348,0.9994274407203869,0.0005725592796131238
349,0.9998592488340927,0.0001407511659073282
350,0.9991169248601931,0.0008830751398069153
351,0.002884910883220182,0.9971150891167798
352,0.9999538217116009,4.617828839917893e-05
353,0.24656156184180156,0.7534384381581984
354,0.9999722098896583,2.779011034169643e-05
355,0.9983119011463408,0.0016880988536592172
356,0.9985970441483423,0.0014029558516577764
357,0.40095054864868906,0.5990494513513109
358,0.9989401551611429,0.0010598448388571065
359,0.9999848168268252,1.5183173174844888e-05
360,0.9999638607324282,3.6139267571891734e-05
361,0.9998743791243274,0.00012562087567254647
362,0.9997044990545001,0.0002955009454999107
363,0.9999596044352081,4.0395564791812984e-05
364,0.9999913537040231,8.646295976863722e-06
365,0.002530978121980443,0.9974690218780196
366,0.9900190948947218,0.009980905105278139
367,0.999975256728897,2.4743271102984344e-05
368,0.9997871959089686,0.00021280409103146752
369,0.9999742885681194,2.5711431880528934e-05
370,0.9999778425773951,2.2157422604862873e-05
371,0.9996951608433475,0.00030483915665242535
372,0.9756853772345311,0.024314622765468953
373,0.9999995686368491,4.3136315087327144e-07
374,0.9998211217109128,0.0001788782890872629
375,0.9994627081456245,0.0005372918543754186
376,0.9963885549310914,0.003611445068908603
377,0.9997927412650722,0.00020725873492772484
378,0.9998406635846497,0.0001593364153502867
379,0.9997692468614645,0.00023075313853549874
380,0.9310516919230992,0.06894830807690076
381,0.9999123184446291,8.768155537087963e-05
382,0.9980196430089793,0.0019803569910207762
383,0.005285159742825618,0.9947148402571744
384,0.9999793465836149,2.0653416385162247e-05
385,0.920920464265901,0.079079535734099
386,0.9988166373685797,0.0011833626314202341
387,0.9997835848424776,0.00021641515752240215
388,0.9999484749139196,5.152508608037583e-05
389,0.9998831638153834,0.00011683618461656457
390,0.9385617126375183,0.06143828736248167
391,0.9991474925318012,0.0008525074681987179
392,0.13560963625489386,0.8643903637451061
393,0.9818620193841991,0.018137980615800846
394,0.9990576391144412,0.0009423608855587991
395,0.9992463746182966,0.0007536253817034715
396,0.9999159329902463,8.406700975376524e-05
397,0.9461927644587181,0.053807235541281855
398,0.999973506907891,2.6493092109045782e-05
399,0.9988059524618034,0.0011940475381966066
400,0.9999767693760117,2.323062398837117e-05
401,0.9999535972857646,4.6402714235404144e-05
402,0.9961158165665935,0.0038841834334064776
403,0.9999753388548367,2.466114516334651e-05
404,0.997331710080622,0.0026682899193779634
405,0.9944837229337935,0.005516277066206515
406,0.9990994893978068,0.0009005106021932245
407,0.00019275600267631976,0.9998072439973237
408,0.9999428500868812,5.714991311876839e-05
409,0.9985103059854051,0.0014896940145948498
410,0.034646746991947586,0.9653532530080524
411,0.9535214193003062,0.04647858069969377
412,0.9801210572649475,0.019878942735052564
413,0.9732049792273505,0.026795020772649513
414,0.9999862608122291,1.3739187770928169e-05
415,0.9991080935235985,0.0008919064764014238
416,0.9999804269541623,1.9573045837654395e-05
417,0.999776103636064,0.00022389636393603784
418,0.9999565123480522,4.34876519478902e-05
419,0.999992834759582,7.165240418036489e-06
420,0.9982868993887454,0.0017131006112545792
421,0.9994180336922777,0.0005819663077223793
422,0.9976255790309535,0.00237442096904649
423,0.9971853283702341,0.0028146716297659
424,0.9989686103136725,0.0010313896863275744
425,0.9999622030106727,3.779698932729577e-05
426,0.9998291588481523,0.00017084115184770628
427,0.9998725838459008,0.00012741615409920566
428,0.20355796307311946,0.7964420369268805
429,0.9995317866150093,0.0004682133849907519
430,0.9997700945168299,0.00022990548317015192
431,0.018147736703268413,0.9818522632967316
432,0.1585664395231715,0.8414335604768285
433,0.9989171364074875,0.0010828635925125322
434,0.9998553305242303,0.00014466947576975716
435,0.9999671468614794,3.28531385206622e-05
436,0.9997729854956823,0.00022701450431775427
437,0.1244539059490466,0.8755460940509534
438,0.9999722388833011,2.776111669884354e-05
439,0.9981779048809534,0.001822095119046655
440,0.9978028548277909,0.0021971451722091737
441,0.999797986223614,0.00020201377638591662
442,0.9999332395071808,6.676049281916536e-05
443,0.99958815171087,0.0004118482891299952
444,0.9999203861574055,7.961384259451735e-05
445,0.999928107496966,7.18925030339873e-05
446,0.9998244126566461,0.0001755873433538861
447,0.9997716303162382,0.000228369683761871
448,0.3704431372150838,0.6295568627849162
449,0.9963721310863772,0.0036278689136227584
450,0.9961541705836737,0.0038458294163262992
451,0.9999447180191467,5.5281980853231306e-05
452,0.9995553935298157,0.00044460647018425243
453,0.9999779624013455,2.2037598654460056e-05
454,0.9996107725848362,0.0003892274151638095
455,0.997888439371958,0.0021115606280419277
456,0.999988624775934,1.1375224066026511e-05
457,0.9999456533057594,5.434669424062637e-05
458,0.9999651983436301,3.480165636990863e-05
459,0.9605672919492865,0.03943270805071358
460,0.9965359246579858,0.0034640753420142425
461,0.9977160604526677,0.0022839395473323366
462,0.9999911134521237,8.886547876373708e-06
463,0.9994158051807158,0.0005841948192841653
464,0.9997331649143417,0.0002668350856582409
465,0.9999745481421797,2.5451857820277665e-05
466,0.9999154473045452,8.455269545481097e-05
467,0.9567841507381567,0.04321584926184335
468,0.9993147837018035,0.0006852162981965448
469,0.9998656476068726,0.00013435239312739307
470,0.9994124644083928,0.0005875355916071535
471,0.9999946737073208,5.326292679206689e-06
472,0.012323242363365239,0.9876767576366348
473,0.9965013667890249,0.0034986332109751307
474,0.00464727413676147,0.9953527258632385
475,0.9948291205087396,0.005170879491260409
476,0.758654959794537,0.24134504020546302
477,0.128585249902757,0.871414750097243
478,0.9995718950164583,0.0004281049835417741
479,0.9999923468131092,7.653186890819553e-06
480,0.999973574694065,2.642530593501338e-05
481,0.9999854629832613,1.4537016738687425e-05
482,0.9999925326630159,7.467336984098949e-06
483,0.11695930660795362,0.8830406933920464
484,0.999943086745391,5.6913254609023374e-05
485,0.998683321648781,0.0013166783512189814
486,0.01693526333299089,0.9830647366670091
487,0.9999639752541675,3.6024745832545815e-05
488,0.1682434126110225,0.8317565873889775
489,0.9886119785055667,0.011388021494433347
490,0.9999498553842814,5.014461571865612e-05
491,0.9999761511058853,2.384889411468256e-05
492,0.9998041766365752,0.0001958233634248395
493,0.9997813228413857,0.0002186771586143146
494,0.999594028925425,0.00040597107457498766
495,0.35084802351220445,0.6491519764877955
496,0.9999538329159854,4.616708401461914e-05
497,0.9999746166503747,2.538334962534435e-05
498,0.9999944189390997,5.581060900357539e-06
499,0.9996355746021955,0.00036442539780442816
500,0.8599906128139843,0.1400093871860158
501,0.9442240995717381,0.055775900428261804
502,0.9953586101301907,0.004641389869809348
503,0.998624641905348,0.0013753580946519555
504,0.9970343631846131,0.0029656368153868607
505,0.9630799197775294,0.03692008022247059
506,0.9999839689168949,1.6031083105111144e-05
507,0.999996950166877,3.0498331230308887e-06
508,0.9997371323550327,0.00026286764496726917
509,0.9722025656552206,0.02779743434477946
510,0.9999403964597097,5.960354029035845e-05
511,0.9998901182980975,0.0001098817019025116
512,0.001315006721353984,0.998684993278646
513,0.8515531753706467,0.14844682462935327
514,0.9961481110859797,0.0038518889140203238
515,0.999367018363161,0.0006329816368389715
516,0.9999713898626554,2.8610137344544773e-05
517,0.9959234405379164,0.004076559462083643
518,0.9204744706012369,0.07952552939876309
519,0.9994243980948229,0.000575601905177181
520,0.9894032562400228,0.010596743759977222
521,0.9999509015801278,4.909841987225905e-05
522,0.9991979928041221,0.000802007195877863
523,0.9999069190799282,9.30809200717169e-05
524,0.9998167677516059,0.0001832322483941062
525,0.9999482303784537,5.176962154625267e-05
526,0.9999092773049559,9.072269504405602e-05
527,0.0002929221447708352,0.9997070778552292
528,0.001406012231603082,0.9985939877683969
529,0.9999697817340577,3.0218265942322784e-05
530,0.9991243200063704,0.0008756799936295871
531,0.999706805578689,0.000293194421311076
532,0.9497629590790134,0.050237040920986555
533,0.9736513275063495,0.02634867249365047
534,0.9999657961120557,3.420388794426152e-05
535,0.9564938519891227,0.04350614801087726
536,0.9940906830375013,0.005909316962498741
537,0.9999596690367756,4.033096322442259e-05
538,0.9999965586575039,3.4413424960688705e-06
539,0.9996146899584955,0.0003853100415045051
540,0.9999875805803377,1.2419419662347198e-05
541,0.9999638513774799,3.614862252007675e-05
542,0.9994881680091137,0.0005118319908863653
543,0.9999983045234824,1.6954765176714707e-06
544,0.9999691507006966,3.0849299303433216e-05
545,0.9999796534996357,2.034650036430579e-05
546,0.9998840803994171,0.00011591960058283161
547,0.9996111476900031,0.00038885230999687954
548,0.03940190443452163,0.9605980955654784
549,0.9992624084889757,0.0007375915110243099
550,0.9995719317957441,0.0004280682042558996
551,0.9999793043376696,2.069566233039353e-05
552,0.002300636571467618,0.9976993634285324
553,0.0009362660206189144,0.9990637339793811
554,0.017123906010952816,0.9828760939890472
555,0.9979074086581838,0.0020925913418161457
556,0.9999220810612431,7.79189387568053e-05
557,0.9989410924722106,0.001058907527789344
558,0.9996792265970676,0.0003207734029323061
559,0.9999251110194938,7.48889805062522e-05
560,0.9980465502801572,0.001953449719842782
561,0.8557930960025524,0.14420690399744768
562,0.002023207739476729,0.9979767922605233
563,0.9999523645839852,4.763541601484634e-05
564,0.9994551461261932,0.000544853873806738
565,0.6452813928711932,0.35471860712880676
566,0.9975545688840177,0.0024454311159822916
567,0.9949243830421995,0.005075616957800482
568,0.9996551770541077,0.00034482294589237094
569,0.9999783683407985,2.163165920150312e-05
570,0.9999771564192396,2.2843580760489244e-05
571,0.9992066499365807,0.0007933500634192968
572,0.9999449305600807,5.5069439919321204e-05
573,0.9996335623455036,0.0003664376544964045
574,0.9994956359586268,0.0005043640413732094
575,0.9974381613380169,0.0025618386619831604
576,0.9997402675498818,0.0002597324501182387
577,0.9999805103271574,1.9489672842634455e-05
578,0.9999721076807615,2.789231923845943e-05
579,0.01796618699515229,0.9820338130048477
580,0.7764527175562665,0.22354728244373342
581,0.9991108535334068,0.0008891464665932373
582,0.9999398383531463,6.0161646853702386e-05
583,0.9999839406775416,1.6059322458351805e-05
584,0.9999079235362213,9.207646377878108e-05
585,0.9824601451701899,0.01753985482981016
586,0.9999682511179879,3.1748882012121754e-05
587,0.9999837262667857,1.6273733214339085e-05
588,0.9970271106398376,0.0029728893601623494
589,0.03974834443235353,0.9602516555676465
590,0.9997735837372042,0.00022641626279580742
591,0.9998439352564479,0.00015606474355215198
592,0.9958026108883908,0.004197389111609189
593,0.9982237043793665,0.0017762956206335652
594,0.9672375107367295,0.03276248926327048
595,0.9996037810583572,0.00039621894164282263
596,0.9997917164406065,0.00020828355939348192
597,0.9996390264281908,0.0003609735718091472
598,0.37635253547800374,0.6236474645219963
599,0.997186963642296,0.0028130363577040574
600,0.9998155454197353,0.00018445458026470347
601,0.9999863311840357,1.3668815964269419e-05
602,0.994693234009961,0.005306765990038985
603,0.9999802725872436,1.972741275640537e-05
604,1.3420519833218236e-05,0.9999865794801668
605,0.9997079932666023,0.00029200673339766826
606,0.999932876107199,6.712389280098394e-05
607,0.9999991015638784,8.984361215896296e-07
608,0.9969107937629711,0.0030892062370288737
609,0.0034370983568199343,0.9965629016431801
610,0.9999974144922786,2.585507721342564e-06
611,0.9999706434539185,2.935654608144983e-05
612,0.9999583604496444,4.163955035568182e-05
613,0.9997665013638314,0.000233498636168646
614,0.001309086892865241,0.9986909131071348
615,0.9997167952735596,0.00028320472644033975
616,0.9993288527640505,0.000671147235949554
617,0.9998841930960395,0.00011580690396052062
618,0.6543216324504455,0.3456783675495545
619,0.9981159289494651,0.0018840710505348664
620,0.9629794939001365,0.03702050609986348
621,0.999995441926024,4.558073976078258e-06
622,0.9999785339695718,2.1466030428137854e-05
623,0.9997238648329944,0.0002761351670056023
624,0.0001515202991327902,0.9998484797008672
625,0.9985414360213964,0.0014585639786036026
626,0.999934502568971,6.549743102897095e-05
627,0.9999608516143237,3.914838567629369e-05
628,0.9999966676969135,3.3323030865225175e-06
629,0.9999908752462279,9.124753772098049e-06
630,0.936261943097982,0.06373805690201799
631,0.032060666706704266,0.9679393332932957
632,0.9999125754618051,8.742453819484134e-05
633,0.999979994848908,2.0005151092049824e-05
634,0.9999809633008074,1.9036699192510125e-05
635,0.9999758571132925,2.4142886707449186e-05
636,0.9999419069697847,5.809303021530012e-05
637,0.9999758998678511,2.410013214893796e-05
638,0.9997976418852655,0.00020235811473440715
639,0.999271839934834,0.0007281600651660104
640,0.2225593966020285,0.7774406033979715
641,0.9999730348080477,2.696519195238501e-05
642,0.002030336046218162,0.9979696639537818
643,0.9998340795126641,0.00016592048733583898
644,0.9988736414833724,0.0011263585166275325
645,0.9999894359212922,1.0564078707776581e-05
646,0.9999091980072894,9.08019927106198e-05
647,0.9995784514796993,0.0004215485203007074
648,0.9995900632568779,0.000409936743122069
649,0.9993178861225802,0.0006821138774197455
650,0.9977729430948395,0.002227056905160424
651,0.9999944170880511,5.582911948877032e-06
652,0.9999640824820185,3.5917517981444746e-05
653,0.9997446090223148,0.0002553909776852234
654,0.010580094990949807,0.9894199050090502
655,0.9995701286585168,0.00042987134148325055
656,0.9998752094871874,0.0001247905128125997
657,0.9974486875052406,0.0025513124947594197
658,0.9999077772087365,9.22227912635201e-05
659,0.9999782831626689,2.1716837331082604e-05
660,0.4636452924697677,0.5363547075302323
661,0.9998537289592277,0.0001462710407722407
662,0.9999958661459362,4.1338540638488255e-06
663,0.9999570103733211,4.298962667896267e-05
664,0.999968390124513,3.160987548701173e-05
665,0.991086448500412,0.00891355149958794
666,0.9862388899320428,0.013761110067957228
667,0.9488285566824998,0.051171443317500266
668,0.9938435868135478,0.006156413186452182
669,0.9781578794091266,0.021842120590873378
670,0.9998156972755966,0.000184302724403446
671,0.9945584224576153,0.005441577542384673
672,0.9999926673280383,7.332671961749956e-06
673,0.9975787659321934,0.002421234067806642
674,0.9965531241184301,0.0034468758815698643
675,0.16703167816821252,0.8329683218317875
676,0.9999254695647729,7.453043522705191e-05
677,0.9902339055887345,0.009766094411265552
678,0.9999869249585128,1.3075041487195814e-05
679,0.0014042602449906294,0.9985957397550094
680,0.9988155513469982,0.0011844486530018334
681,0.9981100334770167,0.0018899665229833227
682,0.004196985667262565,0.9958030143327374
683,0.9998284498512356,0.00017155014876433147
684,0.9981502444077285,0.0018497555922714632
685,0.0016735597281862802,0.9983264402718137
686,0.9991302519897751,0.0008697480102248785
687,0.9999933913029306,6.608697069403388e-06
688,0.9980311758744735,0.0019688241255264994
689,0.42838284889957223,0.5716171511004278
690,0.9998728608666662,0.0001271391333337954
691,0.9931149086353994,0.006885091364600566
692,0.9998837907034377,0.00011620929656227459
693,0.9988048291817374,0.0011951708182626377
694,0.996596217802747,0.0034037821972530253
695,0.9926968267717352,0.007303173228264832
696,0.9999910879489228,8.912051077272832e-06
697,0.998720087970847,0.0012799120291530448
698,0.9999540304104387,4.5969589561279624e-05
699,0.9996678186682504,0.0003321813317496044
700,0.9992514079955822,0.0007485920044178145
701,0.9999383211079147,6.167889208531797e-05
702,0.9987239200210335,0.0012760799789664878
703,0.9999472615479114,5.273845208869389e-05
704,0.7465986704988081,0.2534013295011918
705,0.9999983642124942,1.6357875057365269e-06
706,0.9999183054911475,8.16945088525858e-05
707,0.8969771974856585,0.10302280251434152
708,0.9948194550847664,0.005180544915233595
709,0.99988538965455,0.0001146103454500672
710,0.00017736982392191347,0.9998226301760781
711,0.9997681498412943,0.00023185015870577297
712,0.99963215132328,0.0003678486767200716
713,0.9920532108215513,0.007946789178448736
714,0.9999210771772715,7.892282272851421e-05
715,0.009335663030481167,0.9906643369695188
716,0.9909665661935859,0.009033433806414061
717,0.9998425203829759,0.0001574796170240996
718,0.9999710598275567,2.8940172443216994e-05
719,0.9998020101412526,0.000197989858747363
720,0.9424207525746526,0.05757924742534742
721,0.9995873870632933,0.0004126129367067442
722,0.9997990015462037,0.0002009984537962746
723,0.9998758834977151,0.00012411650228494342
724,0.9993618315235419,0.0006381684764581119
725,0.3079370000781032,0.6920629999218968
726,0.9993826530445463,0.0006173469554536476
727,0.009861624347785258,0.9901383756522147
728,0.9995642041548366,0.00043579584516344785
729,0.9995705052925101,0.00042949470748988964
730,0.9757592131915208,0.024240786808479218
731,0.9996219878499283,0.000378012150071735
732,0.9987667200946445,0.0012332799053555263
733,0.9904361205321616,0.009563879467838432
734,0.9999461182091102,5.3881790889788605e-05
735,0.999634038910577,0.00036596108942299135
736,0.9997722139089893,0.00022778609101072872
737,0.998826936587715,0.0011730634122849755
738,0.2698293368980369,0.7301706631019631
739,0.9969190476232275,0.003080952376772574
740,0.99961474671609,0.0003852532839100276
741,0.7214969158985431,0.2785030841014568
742,0.0003334860542327789,0.9996665139457672
743,0.9999114412746493,8.855872535072291e-05
744,0.31220723642419446,0.6877927635758055
745,0.9988430292885905,0.001156970711409522
746,0.9991870640769085,0.0008129359230915358
747,0.9991473133316868,0.000852686668313164
748,0.9999962108547102,3.78914528977464e-06
749,0.9999054110605919,9.45889394080363e-05
750,0.9999834245313275,1.6575468672509415e-05
751,0.9999906040134959,9.395986504057069e-06
752,0.9998910920117065,0.0001089079882935948
753,0.0016938743880685614,0.9983061256119314
754,0.7729286220036636,0.2270713779963364
755,0.99478768610009,0.005212313899909959
756,0.9221193597585634,0.07788064024143662
757,0.9978776565470532,0.002122343452946866
758,0.9954530171544308,0.004546982845569207
759,0.999974658461225,2.5341538774966295e-05
760,0.9995908834979542,0.000409116502045815
761,0.979889080238803,0.020110919761197055
762,0.999929510868219,7.048913178093256e-05
763,0.8551854345774534,0.14481456542254656
764,0.999953505260075,4.6494739925030154e-05
765,0.9840510718505678,0.015948928149432193
766,0.9999722966828508,2.770331714923929e-05
767,0.9986065284567599,0.0013934715432400593
768,0.9999886672236417,1.1332776358316484e-05
769,0.9999629718569346,3.7028143065360535e-05
770,0.998492537808003,0.0015074621919969964
771,0.9999425913476292,5.740865237085633e-05
772,0.9999255493975857,7.44506024143048e-05
773,0.9999919660157686,8.033984231414145e-06
774,0.9882288291831189,0.011771170816881045
775,0.999849210343837,0.00015078965616304054
776,0.012278292613071229,0.9877217073869288
777,0.9988041089648665,0.0011958910351335423
778,0.9680587239861808,0.03194127601381926
779,0.25170131864967604,0.748298681350324
780,0.3371217751159057,0.6628782248840943
781,0.9969757990166157,0.003024200983384259
782,0.9980841352648036,0.0019158647351964506
783,0.9341431321826206,0.06585686781737943
784,0.9850123165765784,0.014987683423421648
785,0.9994424485420554,0.0005575514579445747
786,0.999164786001231,0.000835213998768952
787,0.9999891837800954,1.0816219904605621e-05
788,0.9970548350570395,0.0029451649429604386
789,0.9994669586596819,0.0005330413403180241
790,0.00022261449278659917,0.9997773855072134
791,8.979646289164478e-05,0.9999102035371084
792,0.9987523835707209,0.0012476164292790927
793,0.9999847095597673,1.5290440232731075e-05
794,0.9997045054720982,0.0002954945279017697
795,0.9999278879948402,7.211200515973744e-05
796,0.999422953541891,0.0005770464581089757
797,0.012590769421080172,0.9874092305789198
798,0.8594364842576087,0.14056351574239137
799,0.9999773960049209,2.260399507911855e-05
800,0.9908332361934302,0.00916676380656973
801,0.9995617399988579,0.0004382600011420713
802,0.9915129665931919,0.008487033406808155
803,0.9999770110223636,2.298897763643945e-05
804,0.9998923936276983,0.00010760637230163448
805,0.9991097083160196,0.0008902916839803125
806,0.9999825338616806,1.7466138319405814e-05
807,0.982391381094055,0.017608618905945037
808,0.03339257711503418,0.9666074228849658
809,0.9979684180256515,0.0020315819743484836
810,0.9927373814646617,0.0072626185353382566
811,0.9995754148083595,0.00042458519164045925
812,0.9999863379228741,1.3662077125987977e-05
813,0.9940400909942442,0.005959909005755781
814,0.9999403693972154,5.9630602784575574e-05
815,0.9998561610691047,0.0001438389308952956
816,0.9999116410047,8.835899529998644e-05
817,0.9660631940067816,0.0339368059932183
818,0.9957604902555877,0.004239509744412336
819,0.9854446158721463,0.014555384127853697
820,0.9999592719940777,4.0728005922259726e-05
821,0.0006692040490182682,0.9993307959509817
822,0.9943085466162788,0.005691453383721278
823,0.9998486494289719,0.00015135057102806987
824,0.9999792575334663,2.074246653370943e-05
825,0.9991692204905663,0.0008307795094336739
826,0.999602024477958,0.0003979755220420538
827,0.9986461909325604,0.001353809067439622
828,0.9961186382954819,0.0038813617045181056
829,0.9999144671755136,8.553282448642636e-05
830,0.9999867549210705,1.324507892948594e-05
831,0.9999828850519807,1.711494801925465e-05
832,0.9997597753010227,0.0002402246989772959
833,0.9746676414228619,0.02533235857713811
834,0.9946674067332271,0.00533259326677294
835,0.949733360129597,0.050266639870403
836,0.9997237340169509,0.0002762659830490718
837,0.998845639577149,0.0011543604228509993
838,0.9982954849591444,0.001704515040855515
839,0.00034845740157918303,0.9996515425984208
840,0.9999950992843549,4.900715645096819e-06
841,0.9999684575499574,3.154245004259727e-05
842,0.9999651244217409,3.487557825904165e-05
843,0.9999350915949684,6.490840503157491e-05
844,0.9999207370724953,7.9262927504728e-05
845,0.9975794222832607,0.002420577716739259
846,0.9999788285831207,2.117141687930562e-05
847,0.9999852034160058,1.4796583994138098e-05
848,0.9985897101015317,0.0014102898984682105
849,0.999973726081893,2.627391810691953e-05
850,0.9999837543845641,1.6245615435867363e-05
851,0.995587518508897,0.0044124814911029155
852,0.027738438850420932,0.9722615611495791
853,0.9978664603546268,0.0021335396453732508
854,0.00024270004813142787,0.9997572999518686
855,0.9999838005229142,1.6199477085796e-05
856,0.999966051635362,3.394836463794298e-05
857,0.9998732826121627,0.00012671738783735163
858,0.99917521762128,0.0008247823787199724
859,0.9915427557228002,0.008457244277199898
860,0.9421576838932795,0.05784231610672047
861,0.9996391305259761,0.000360869474023888
862,0.9981836172964761,0.0018163827035239122
863,0.9996175408551783,0.00038245914482167774
864,0.001123979275584941,0.9988760207244151
865,0.9926033797985374,0.0073966202014626396
866,0.9998284742878846,0.00017152571211547413
867,0.1721886056439581,0.8278113943560419
868,0.017340354140570557,0.9826596458594294
869,0.9999739674656221,2.6032534377947658e-05
870,0.4725123037460617,0.5274876962539383
871,0.17599539890576332,0.8240046010942367
872,0.9700578656137,0.029942134386299956
873,0.999871088722586,0.00012891127741399558
874,0.9999613319476349,3.8668052365085687e-05
875,0.0015280977130617268,0.9984719022869383
876,0.9999322507959783,6.774920402178923e-05
877,0.9999904844569105,9.515543089487633e-06
878,0.07694984515724979,0.9230501548427502
879,0.9998995023694927,0.0001004976305073084
880,0.9997951469874329,0.0002048530125671669
881,0.999887871982982,0.00011212801701800977
882,0.999731148771526,0.00026885122847393955
883,0.9984991802113546,0.0015008197886453177
884,0.8581930431566369,0.14180695684336314
885,0.9999928451379855,7.154862014480744e-06
886,0.9999766220430811,2.337795691882159e-05
887,0.9996513715087714,0.0003486284912286376
888,0.998325649431933,0.001674350568066981
889,0.9993454212265488,0.000654578773451235
890,0.9999675413762793,3.245862372067821e-05
891,0.9997208736764589,0.00027912632354111744
892,0.9996542685706971,0.00034573142930290854
893,0.9998650612001209,0.00013493879987915613
894,0.9999882594542703,1.174054572972685e-05
895,0.9998682831962291,0.00013171680377089734
896,0.9994264174557064,0.0005735825442936615
897,0.9999734397816187,2.656021838137534e-05
898,0.9725064326225686,0.027493567377431347
899,0.9998988407033795,0.0001011592966204146
900,0.3888420876091333,0.6111579123908667
901,0.004106288523488155,0.9958937114765118
902,0.9994968695891888,0.0005031304108112052
903,0.9998153334822174,0.00018466651778264559
904,0.99856174568493,0.0014382543150700418
905,0.9994790496916243,0.0005209503083757021
906,0.9999534706687824,4.652933121760918e-05
907,0.999968770883866,3.122911613399315e-05
908,0.9999460025472899,5.399745271007579e-05
909,0.863110123944374,0.13688987605562594
910,0.9974029202325688,0.0025970797674311603
911,0.9999485298324106,5.1470167589434816e-05
912,0.9996769109206293,0.0003230890793707341
913,0.00043742620097764195,0.9995625737990224
914,0.9983969394436374,0.0016030605563625807
915,0.9409446235385325,0.05905537646146751
916,0.0007061569613457941,0.9992938430386542
917,0.9911866389042746,0.008813361095725409
918,0.04851856782649433,0.9514814321735057
919,0.9862268333016903,0.013773166698309776
920,0.029669865945794682,0.9703301340542053
921,0.9803028144283449,0.019697185571655073
922,5.459308599298218e-05,0.999945406914007
923,0.9999611459781966,3.885402180339578e-05
924,0.05008771853164884,0.9499122814683512
925,0.9999349987909227,6.500120907720936e-05
926,0.9995169050616202,0.0004830949383798743
927,0.9996219862835526,0.000378013716447437
928,0.9993127003266832,0.000687299673316795
929,0.9999746867105815,2.5313289418513562e-05
930,0.9999501604684532,4.9839531546788486e-05
931,0.9613090483772485,0.03869095162275144
932,0.9999797871769046,2.0212823095412743e-05
933,0.9968794219793145,0.0031205780206855316
934,0.008212365096014973,0.991787634903985
935,0.34827029032370094,0.6517297096762991
936,0.9998942131792358,0.00010578682076424556
937,0.9999524732044625,4.75267955375267e-05
938,0.999901527703565,9.847229643503272e-05
939,0.9999712878713907,2.8712128609282985e-05
940,0.9990555676163457,0.000944432383654283
941,0.997814430020993,0.0021855699790069546
942,0.9966219207210583,0.0033780792789417182
943,0.9952504456335188,0.004749554366481118
944,0.989484063356266,0.010515936643733986
945,0.9996487839540679,0.00035121604593209727
946,0.9870803381848907,0.01291966181510927
947,0.9987858505803284,0.0012141494196715953
948,0.995897972727211,0.004102027272788919
949,0.999845040985159,0.0001549590148409286
950,0.9999625842847072,3.741571529284002e-05
951,0.9992288834684792,0.0007711165315208372
952,0.9936905220562116,0.006309477943788483
953,0.9999939064674169,6.093532583117756e-06
954,0.9997196512859085,0.0002803487140915489
955,0.997170228526553,0.002829771473447036
956,0.9999864401135822,1.355988641783785e-05
957,0.9987108875384779,0.001289112461522041
958,0.9999873291903975,1.2670809602540794e-05
959,0.999979064971418,2.09350285820575e-05
960,0.9289911898222349,0.071008810177765
961,0.008182476151945228,0.9918175238480548
962,0.9999834218490233,1.6578150976657635e-05
963,0.9999078143607077,9.218563929230101e-05
964,0.8782178508723143,0.12178214912768574
965,0.005977316420291534,0.9940226835797085
966,0.00028470935722257895,0.9997152906427774
967,0.03940086021133549,0.9605991397886645
968,0.9989645483450722,0.0010354516549277454
969,0.9924161288402906,0.007583871159709334
970,0.9995301928247322,0.0004698071752678099
971,0.9999794937882241,2.0506211775879077e-05
972,0.9999945647415119,5.435258488039505e-06
973,0.9996906937076627,0.0003093062923372494
974,0.9997309062704254,0.00026909372957465685
975,0.11181953093783481,0.8881804690621652
976,0.999989599734047,1.0400265953017005e-05
977,0.05360638310526733,0.9463936168947327
978,0.9801022711434891,0.019897728856510918
979,0.9885198832954414,0.011480116704558589
980,0.05047178317902523,0.9495282168209748
981,0.9999920996976933,7.90030230670726e-06
982,0.8516332286805326,0.14836677131946746
983,0.9998508498094287,0.00014915019057130705
984,0.978589677015381,0.021410322984618972
985,0.9998131732657533,0.00018682673424674553
986,0.9697594466881595,0.03024055331184045
987,0.9953034844187005,0.0046965155812994505
988,0.9884208957162574,0.011579104283742637
989,0.9999570134428879,4.298655711206232e-05
990,0.9749570399224465,0.025042960077553512
991,0.9999088308467661,9.116915323389188e-05
992,0.20806832330607594,0.7919316766939241
993,0.05877610869125294,0.9412238913087471
994,0.9977829740655961,0.0022170259344038716
995,0.9999942446497125,5.7553502874303924e-06
996,0.9991504533426678,0.0008495466573321376
997,0.999968743225842,3.125677415802096e-05
998,0.9998731671302781,0.00012683286972187363
999,0.999668419795027,0.0003315802049730776
1000,0.999989321278681,1.0678721318942468e-05
1001,0.9981118475256545,0.0018881524743454847
1002,0.9999748857306081,2.511426939189121e-05
1003,0.9995702724671246,0.0004297275328754446
1004,0.9999797106378533,2.0289362146698143e-05
1005,0.9998086848152424,0.0001913151847575441
1006,0.49861941190495906,0.5013805880950409
1007,0.30356930620961786,0.6964306937903821
1008,0.9979263977587971,0.0020736022412028523
1009,0.9984795007603389,0.0015204992396611807
1010,0.9999794538236458,2.0546176354130168e-05
1011,0.9999797906047745,2.0209395225498558e-05
1012,0.9996673592971449,0.00033264070285513514
1013,0.9950961678252045,0.004903832174795479
1014,0.286089124614999,0.713910875385001
1015,0.9999901214004809,9.878599519057998e-06
1016,0.999931629053333,6.837094666695702e-05
1017,0.9981277755418461,0.0018722244581539543
1018,0.9997991092584867,0.0002008907415133451
1019,0.9992964035835777,0.0007035964164222493
1020,0.9985929797154086,0.0014070202845914144
1021,0.999991416240383,8.583759617040532e-06
1022,0.9999933335433034,6.6664566965318665e-06
1023,0.9969920904323901,0.0030079095676099
1024,0.9973535940177904,0.002646405982209523
1025,0.9963295089116803,0.0036704910883197206
1026,0.9999964642949241,3.53570507593551e-06
1027,0.9996771071847456,0.00032289281525440166
1028,0.9999711607387034,2.8839261296618673e-05
1029,0.999931048847844,6.89511521560197e-05
1030,0.9990636912267558,0.000936308773244217
1031,0.9999844889069327,1.5511093067321405e-05
1032,0.9999811556057326,1.8844394267384373e-05
1033,0.9998822288108876,0.00011777118911234205
1034,0.0048933169550673394,0.9951066830449327
1035,0.7656619569873665,0.2343380430126335
1036,0.9681174030990807,0.031882596900919276
1037,0.9999538710604374,4.6128939562573606e-05
1038,0.032851497731873125,0.9671485022681269
1039,0.9819520084134064,0.01804799158659365
1040,0.8674325817912355,0.13256741820876447
1041,0.038788335683042297,0.9612116643169577
1042,0.9993801922616545,0.0006198077383455043
1043,0.9982203068772866,0.0017796931227133806
1044,0.999760417803685,0.00023958219631508036
1045,0.9948342909101834,0.005165709089816596
1046,0.9999288193443039,7.11806556961463e-05
1047,0.0032694242308625165,0.9967305757691375
1048,0.005757937147757963,0.994242062852242
1049,0.4957165962232756,0.5042834037767244
1050,0.9994422732449844,0.0005577267550156399
1051,0.999561614235265,0.00043838576473499957
1052,0.9993087512886917,0.0006912487113083421
1053,0.9999912782626738,8.721737326203804e-06
1054,0.9999663496383385,3.3650361661489335e-05
1055,0.99999437972637,5.6202736300480755e-06
1056,0.9998276701357943,0.00017232986420565036
1057,0.9979678893593716,0.0020321106406283123
1058,0.9995629883005065,0.0004370116994935404
1059,8.334337791671143e-05,0.9999166566220833
1060,0.9999936173963523,6.382603647757283e-06
1061,0.9918637882063945,0.008136211793605443
1062,0.995112363836977,0.004887636163022977
1063,0.010285780461561034,0.989714219538439
1064,0.9942193228172013,0.005780677182798717
1065,0.9985207752752795,0.0014792247247205547
1066,0.9998995325825026,0.00010046741749739473
1067,0.6034705642751019,0.396529435724898
1068,0.9861839667050222,0.01381603329497786
1069,0.9999664039867932,3.359601320682404e-05
1070,0.9999861768249916,1.3823175008457214e-05
1071,0.998293108446496,0.0017068915535039808
1072,0.005420803367441995,0.994579196632558
1073,0.025946190958684112,0.9740538090413159
1074,0.8996323609162132,0.1003676390837868
1075,0.49410056679185343,0.5058994332081466
1076,0.00763060056992193,0.9923693994300781
1077,0.9912642756080415,0.00873572439195845
1078,0.9997720288795886,0.00022797112041141702
1079,0.8668126493931813,0.13318735060681877
1080,0.9982748317760308,0.001725168223969207
1081,0.13155890526905079,0.8684410947309492
1082,0.9999485489568439,5.145104315602185e-05
1083,0.9991652293370924,0.0008347706629076261
1084,0.9999716199083833,2.8380091616693943e-05
1085,0.9999700433883635,2.995661163647496e-05
1086,0.013298811247692943,0.9867011887523071
1087,0.9996954336502998,0.00030456634970025404
1088,0.9926973532282346,0.007302646771765422
1089,0.9999205087326763,7.949126732362714e-05
1090,0.999642962324732,0.00035703767526797304
1091,0.9299330553010313,0.07006694469896871
1092,0.9999905393552594,9.460644740566497e-06
1093,0.9999008069048467,9.919309515321862e-05
1094,0.997628176442858,0.0023718235571420854
1095,0.9999922957173253,7.704282674660215e-06
1096,0.9993673346172304,0.0006326653827696801
1097,0.99983988293924,0.00016011706076003525
1098,0.9992477929180289,0.0007522070819710776
1099,0.005843770474284415,0.9941562295257156
1100,0.0003165125902293564,0.9996834874097706
1101,0.03733649165117903,0.962663508348821
1102,0.978970762559828,0.021029237440172023
1103,0.8288731167080527,0.17112688329194725
1104,0.9993070007601463,0.0006929992398536705
1105,0.9991105483865733,0.000889451613426661
1106,0.9997870298856545,0.0002129701143455312
1107,0.9984791281528337,0.0015208718471663252
1108,0.9979452871987543,0.002054712801245664
1109,0.9991173411192967,0.0008826588807032241
1110,0.9622192864067863,0.037780713593213625
1111,0.9999549828157107,4.5017184289330466e-05
1112,0.9988487983137339,0.001151201686266201
1113,0.9999611843189768,3.881568102310144e-05
1114,0.9999930361701185,6.96382988156231e-06
1115,0.07632911619276661,0.9236708838072334
1116,0.9999968960747225,3.10392527745898e-06
1117,0.999625295066235,0.00037470493376498255
1118,0.9999599280332739,4.007196672608914e-05
1119,0.9998388095602155,0.00016119043978450668
1120,0.9999658104781244,3.418952187557547e-05
1121,0.19721711141152354,0.8027828885884765
1122,0.9911660551828644,0.008833944817135642
1123,0.00015076880232445244,0.9998492311976755
1124,0.14901403086139442,0.8509859691386056
1125,0.9997678656568226,0.00023213434317741365
1126,0.9979801278320358,0.0020198721679641264
1127,0.988952031506576,0.011047968493424026
1128,0.9999354754656379,6.452453436212349e-05
1129,0.999985374087389,1.4625912611081763e-05
1130,0.41484113724837357,0.5851588627516264
1131,0.9884487788157259,0.011551221184274067
1132,0.9989640714046576,0.0010359285953424585
1133,0.9817114658695384,0.01828853413046157
1134,0.9968808347598215,0.003119165240178527
1135,0.998920923480814,0.0010790765191860628
1136,0.9998915630222157,0.00010843697778429074
1137,0.9998633947655892,0.00013660523441088077
1138,0.9999920353054059,7.964694594047046e-06
1139,0.9999597551535485,4.024484645146622e-05
1140,0.9999846779009164,1.532209908362564e-05
1141,0.10973128296409429,0.8902687170359057
1142,0.3825254318922181,0.6174745681077819
1143,0.9987042236379853,0.0012957763620146912
1144,0.9999821369662099,1.786303379012462e-05
1145,0.005591353220338435,0.9944086467796616
1146,0.9039192632637819,0.09608073673621806
1147,0.9998497158684176,0.0001502841315823552
1148,0.9999009941457756,9.900585422441696e-05
1149,0.9989713673825847,0.001028632617415311
1150,0.23705068269649543,0.7629493173035046
1151,0.001468284107867479,0.9985317158921325
1152,0.9994708138928189,0.000529186107181163
1153,0.9982485239855063,0.0017514760144936737
1154,0.9999864415198384,1.3558480161550941e-05
1155,0.999320085462127,0.0006799145378729376
1156,0.9999950001596396,4.999840360441811e-06
1157,0.9997632646452969,0.00023673535470314635
1158,0.9998888030656612,0.00011119693433882275
1159,0.0016903928866803808,0.9983096071133196
1160,0.9998948723307175,0.00010512766928247928
1161,0.03127218386063901,0.968727816139361
1162,0.3270390559608627,0.6729609440391373
1163,0.0013407168935973823,0.9986592831064026
1164,0.9960643939146174,0.003935606085382553
1165,0.9971102935440382,0.002889706455961762
1166,0.9996762865270189,0.0003237134729811412
1167,0.9994367830453611,0.0005632169546388814
1168,0.9553067066629031,0.04469329333709691
1169,0.5007695929050688,0.4992304070949311
1170,0.007254953686633869,0.9927450463133661
1171,0.9951655327340687,0.004834467265931317
1172,0.9997164628560196,0.0002835371439803884
1173,0.9998897970084886,0.0001102029915114167
1174,0.00018070141574777487,0.9998192985842522
1175,0.9998831190725439,0.00011688092745609966
1176,0.9536455354748499,0.046354464525150095
1177,0.9999767269053883,2.3273094611752707e-05
1178,0.9925824174356095,0.007417582564390508
1179,0.9999822881623258,1.7711837674146804e-05
1180,0.9949502619665107,0.005049738033489283
1181,0.999857771804931,0.00014222819506902725
1182,0.006683222157067514,0.9933167778429325
1183,0.01760504602406865,0.9823949539759314
1184,0.9998931846367056,0.00010681536329436464
1185,0.9893132146318526,0.010686785368147336
1186,0.9995383909112416,0.0004616090887583769
1187,0.9765577217752667,0.02344227822473335
1188,0.9999497086176528,5.029138234723265e-05
1189,0.9999122026148509,8.779738514912706e-05
1190,0.9998613334790052,0.00013866652099478124
1191,0.999986752641262,1.3247358737998954e-05
1192,0.9999970173992125,2.9826007874324646e-06
1193,0.999954823601969,4.517639803103585e-05
1194,0.9995554364935495,0.00044456350645054153
1195,0.9633690813845962,0.0366309186154038
1196,0.9990792507370466,0.0009207492629533416
1197,0.9846651690765013,0.015334830923498709
1198,0.0068901852908257455,0.9931098147091743
1199,0.9999817422897187,1.8257710281265215e-05
1200,0.0018089275981802988,0.9981910724018197
1201,0.9996461041918138,0.00035389580818622076
1202,0.9995134606931984,0.0004865393068016227
1203,0.9890812565136314,0.010918743486368565
1204,0.9998994615097767,0.00010053849022328993
1205,0.9843490293994123,0.015650970600587743
1206,0.9972130803901553,0.0027869196098446935
1207,0.9999936874868721,6.312513127888976e-06
1208,0.22628656512505452,0.7737134348749455
1209,0.007129917024043642,0.9928700829759564
1210,0.9781170431143561,0.02188295688564389
1211,0.9999785937860358,2.1406213964223412e-05
1212,0.9988154564302161,0.0011845435697839606
1213,0.9999846952647505,1.530473524951013e-05
1214,0.9993927093473574,0.0006072906526426419
1215,0.9977991453076971,0.002200854692302932
1216,0.99997998421714,2.0015782860076922e-05
1217,0.9896763580265263,0.010323641973473649
1218,0.014959246326208042,0.985040753673792
1219,0.9999576239764776,4.2376023522424774e-05
1220,0.9990738486984145,0.0009261513015854586
1221,0.999994490277567,5.509722432912491e-06
1222,0.9999616092917895,3.8390708210542365e-05
1223,0.0056615437082757625,0.9943384562917242
1224,0.9994988488604011,0.0005011511395988733
1225,0.9999928661352889,7.133864711111586e-06
1226,0.999842922460702,0.00015707753929797234
1227,0.03698011834190473,0.9630198816580953
1228,0.999678200117099,0.0003217998829009887
1229,0.9956350081838892,0.004364991816110778
1230,0.9929064887629628,0.007093511237037131
1231,0.9984598849929422,0.0015401150070576976
1232,0.9997018569136311,0.0002981430863688607
1233,0.9997247056505453,0.00027529434945473407
1234,0.9998588718838045,0.00014112811619550848
1235,0.999888461653818,0.00011153834618209878
1236,0.9998413638604727,0.00015863613952729066
1237,0.999940773788563,5.922621143692574e-05
1238,0.9986472287099755,0.001352771290024521
1239,0.9999311946056549,6.880539434503955e-05
1240,0.9991828322923808,0.0008171677076192033
1241,0.006698301382299987,0.9933016986177
1242,0.08964198691246272,0.9103580130875373
1243,0.9985612743148987,0.0014387256851012638
1244,0.9995554468461482,0.00044455315385179836
1245,0.9946758504536992,0.005324149546300783
1246,0.9965660064645396,0.003433993535460378
1247,0.013480843616775151,0.9865191563832248
1248,0.9996782004799212,0.0003217995200787792
1249,0.9996947873231561,0.00030521267684392213
1250,0.9112710146282686,0.08872898537173132
1251,0.9987990274932536,0.0012009725067464478
1252,0.9943027473768579,0.005697252623142092
1253,0.9963319634682861,0.0036680365317139298
1254,0.9999928590866531,7.1409133468048435e-06
1255,0.9984518200967658,0.0015481799032341867
1256,0.9995364698574993,0.0004635301425007053
1257,0.9969849715850858,0.0030150284149141927
1258,0.9992995242541022,0.0007004757458978319
1259,0.999451941402198,0.0005480585978020949
1260,0.9988953251557412,0.0011046748442587785
1261,0.9998692884140676,0.0001307115859324175
1262,0.9349823328281098,0.06501766717189014
1263,0.999635032593774,0.00036496740622600824
1264,0.03413454085392742,0.9658654591460726
1265,0.00024458605363064656,0.9997554139463694
1266,0.9995662935757853,0.00043370642421470125
1267,0.04767049246130051,0.9523295075386995
1268,0.0034224946073151408,0.9965775053926849
1269,0.9963454998347269,0.003654500165273173
1270,0.9999813844559258,1.861554407424787e-05
1271,0.9856477026616632,0.014352297338336806
1272,0.41347664102479453,0.5865233589752055
1273,0.9999077544981511,9.22455018489611e-05
1274,0.9999187607200418,8.12392799581649e-05
1275,0.996096435066338,0.003903564933661948
1276,0.9998631044715365,0.00013689552846355321
1277,0.999527274950279,0.0004727250497209341
1278,0.999980836790553,1.916320944695039e-05
1279,0.9993767440810345,0.0006232559189655245
1280,0.9997852190704442,0.00021478092955581494
1281,0.9141355106433945,0.08586448935660551
1282,0.9981048926107281,0.0018951073892719272
1283,0.9998732834581937,0.0001267165418062509
1284,0.9848340046371287,0.015165995362871278
1285,0.9999341205020997,6.587949790030994e-05
1286,0.9997593538919717,0.00024064610802833916
1287,0.9994567364675977,0.0005432635324022617
1288,0.9927941956805915,0.007205804319408538
1289,0.9998940368880068,0.00010596311199317786
1290,0.9568668474995298,0.04313315250047018
1291,0.9998035916929583,0.00019640830704168021
1292,0.9820526607036377,0.017947339296362268
1293,0.999989509999625,1.0490000375059588e-05
1294,0.9997621004731676,0.00023789952683242715
1295,0.9995263195291726,0.0004736804708273909
1296,0.9984149662848595,0.0015850337151404744
1297,0.0010801708995890058,0.998919829100411
1298,0.006610299696108601,0.9933897003038914
1299,0.9954820439945574,0.004517956005442635
1300,0.9450491624044423,0.05495083759555772
1301,0.9998747995397741,0.00012520046022594438
1302,0.030794210341271278,0.9692057896587287
1303,0.9999911693698569,8.830630143128543e-06
1304,0.9682314748317828,0.031768525168217106
1305,0.7301710601269322,0.26982893987306783
1306,0.9999545697497269,4.543025027309462e-05
1307,0.9971835951617686,0.002816404838231415
1308,0.009089089325235111,0.9909109106747649
1309,0.9999912184037538,8.781596246131115e-06
1310,0.9999741945872983,2.580541270174785e-05
1311,0.9987545641513692,0.001245435848630754
1312,0.9959717444965248,0.0040282555034751415
1313,0.9999763615490049,2.3638450995028903e-05
1314,0.9996821979509934,0.000317802049006603
1315,0.997879216014722,0.0021207839852780044
1316,0.9994394460801239,0.0005605539198761382
1317,0.003599236859990418,0.9964007631400096
1318,0.9998044744186346,0.00019552558136537129
1319,0.9968696032346765,0.0031303967653234306
1320,0.9986263685837897,0.0013736314162102947
1321,0.9344719870375409,0.06552801296245919
1322,0.025452437445672937,0.9745475625543271
1323,0.9999905235538327,9.476446167337068e-06
1324,0.9999627817529271,3.7218247072920894e-05
1325,0.9987755968827025,0.0012244031172975055
1326,0.9996557088834455,0.000344291116554576
1327,0.9997879874584494,0.00021201254155058481
1328,0.9998388862571091,0.00016111374289085932
1329,0.994666488208957,0.005333511791043059
1330,0.9999821066647078,1.7893335292235805e-05
1331,0.9999313805669761,6.861943302395388e-05
1332,0.02083769464351415,0.9791623053564859
1333,0.9997734662982873,0.00022653370171269775
1334,0.9986789023355394,0.0013210976644606723
1335,0.9999762432319429,2.3756768057094315e-05
1336,0.37099915161627905,0.629000848383721
1337,0.9997850375054957,0.0002149624945042459
1338,0.9999580677754756,4.19322245244362e-05
1339,0.980497164512528,0.019502835487471955
1340,0.996517797411072,0.0034822025889279
1341,0.8684764395614726,0.13152356043852742
1342,0.9999267095329045,7.32904670955051e-05
1343,0.9999640070741274,3.599292587266698e-05
1344,0.9999435065621242,5.649343787586444e-05
1345,0.9997381334826383,0.00026186651736171703
1346,0.9998300180319635,0.00016998196803647773
1347,0.9960216623001727,0.0039783376998272805
1348,0.9232540357066066,0.07674596429339346
1349,0.9997957947615612,0.00020420523843876933
1350,1.1802203452315752e-05,0.9999881977965477
1351,0.026942977947374325,0.9730570220526257
1352,0.999952158802788,4.784119721197932e-05
1353,0.9566415500204573,0.04335844997954273
1354,0.0010248023592170918,0.9989751976407829
1355,0.9999732808592091,2.6719140790879402e-05
1356,0.9936229497152774,0.006377050284722626
1357,0.9979265249335609,0.002073475066439096
1358,0.9942338802071539,0.005766119792846156
1359,0.9671989243563236,0.03280107564367639
1360,0.9993135961559712,0.0006864038440287965
1361,0.10984391718312392,0.8901560828168761
1362,0.9999952279251595,4.772074840555208e-06
1363,0.9999367025153587,6.329748464129009e-05
1364,0.011190637373856172,0.9888093626261438
1365,0.0007364293198738325,0.9992635706801262
1366,0.9999336251909873,6.637480901271603e-05
1367,0.9998111580268546,0.0001888419731453996
1368,0.994763581781435,0.00523641821856506
1369,0.9998679907288378,0.00013200927116221463
1370,0.003934666688336641,0.9960653333116634
1371,0.9987214685436119,0.0012785314563880795
1372,0.9987912302769627,0.0012087697230373006
1373,0.9999784711568258,2.1528843174198665e-05
1374,0.9997286918023018,0.00027130819769813195
1375,0.008944390821018722,0.9910556091789813
1376,0.9999977279773887,2.2720226112598405e-06
1377,0.037310219354002805,0.9626897806459972
1378,0.999736796557153,0.0002632034428470022
1379,0.9976212240141497,0.0023787759858503285
1380,0.9999914495226115,8.55047738848458e-06
1381,0.9992649365771628,0.0007350634228372557
1382,0.9984872462128507,0.001512753787149349
1383,0.9999556192518297,4.438074817021964e-05
1384,0.9996885646079974,0.000311435392002649
1385,0.9845686313385681,0.015431368661431877
1386,0.00040802987762711407,0.9995919701223729
1387,0.9994789965894133,0.0005210034105867218
1388,0.9991091536276334,0.000890846372366604
1389,0.9999356580115257,6.434198847428953e-05
1390,0.9934522697011469,0.006547730298853109
1391,0.9989915915275147,0.0010084084724852668
1392,0.9999270166580233,7.298334197674597e-05
1393,0.9597739973489239,0.04022600265107609
1394,0.9837888209862439,0.016211179013756075
1395,0.9999949458151165,5.054184883535474e-06
1396,0.0012876892383535399,0.9987123107616465
1397,0.9996168588217588,0.00038314117824126006
1398,0.9975832088001944,0.0024167911998056015
1399,0.9997912172682845,0.00020878273171555283
1400,0.9996538340731882,0.00034616592681176763
1401,0.999923742203704,7.62577962960798e-05
1402,0.9999936962173528,6.303782647191772e-06
1403,0.9975381297207802,0.0024618702792198383
1404,0.9999555050342259,4.4494965774057946e-05
1405,0.9982860976653368,0.001713902334663147
1406,0.9177334082134836,0.08226659178651641
1407,0.0893242850147763,0.9106757149852237
1408,0.9999531680076412,4.683199235883053e-05
1409,0.9995333089382565,0.00046669106174346476
1410,0.9153537460885903,0.08464625391140965
1411,0.06279002374375153,0.9372099762562485
1412,0.01212028785537711,0.9878797121446229
1413,0.9999865281209764,1.3471879023607848e-05
1414,0.0032179570727656204,0.9967820429272344
1415,0.9485842634385706,0.05141573656142943
1416,0.9999912969578656,8.70304213439466e-06
1417,0.0006760083011606577,0.9993239916988393
1418,0.9997478062911002,0.00025219370889987386
1419,0.9999688621654585,3.113783454144096e-05
1420,0.9938740206460074,0.006125979353992598
1421,0.999898567290678,0.0001014327093219739
1422,0.9993465848268757,0.0006534151731243124
1423,0.9543181941022851,0.0456818058977149
1424,0.06531879469755564,0.9346812053024444
1425,0.9998200448242383,0.00017995517576169617
1426,0.0007561273145996195,0.9992438726854004
1427,0.0006286997997116961,0.9993713002002883
1428,0.9999932966363384,6.703363661568903e-06
1429,0.0017975001010758218,0.9982024998989242
1430,0.9993420246713466,0.0006579753286534466
1431,0.9998394631392654,0.00016053686073455318
1432,0.9998412143037281,0.00015878569627191858
1433,0.9999648533861814,3.5146613818627225e-05
1434,0.9972213969835146,0.002778603016485344
1435,0.9880892749911078,0.01191072500889222
1436,0.9944889355852936,0.005511064414706434
1437,0.9992903524948276,0.0007096475051724712
1438,0.9999806954133652,1.9304586634809106e-05
1439,0.9999795945200752,2.0405479924779664e-05
1440,0.5663388700097527,0.4336611299902473
1441,0.9999252374331056,7.47625668944597e-05
1442,0.9999889667917281,1.1033208271855273e-05
1443,0.019288936919975574,0.9807110630800244
1444,0.9997844832208477,0.00021551677915232555
1445,0.9974015936041714,0.0025984063958285914
1446,0.9998492724076784,0.0001507275923216263
1447,0.9998122905540875,0.00018770944591255473
1448,0.9999562188051554,4.3781194844592344e-05
1449,0.001986356778692522,0.9980136432213075
1450,0.9997833071091009,0.00021669289089914947
1451,0.9046480505415071,0.09535194945849286
1452,0.3187717349234779,0.6812282650765221
1453,0.999985656591442,1.4343408558032222e-05
1454,0.9996381119722219,0.0003618880277781218
1455,0.026887409644834825,0.9731125903551652
1456,0.999927578627284,7.242137271597091e-05
1457,0.9981406110681175,0.0018593889318825121
1458,0.9999287312232431,7.126877675687549e-05
1459,0.999800536851426,0.0001994631485739929
1460,0.9999658595967603,3.414040323968528e-05
1461,0.9971602614561575,0.0028397385438424113
1462,0.9991149396359024,0.0008850603640976353
1463,0.031923867714950704,0.9680761322850493
1464,0.999742421891692,0.0002575781083079396
1465,0.9999916408230234,8.359176976588709e-06
1466,0.9985112182387361,0.0014887817612638777
1467,0.9947600319577631,0.005239968042236876
1468,0.11824437541332866,0.8817556245866713
1469,0.999528626298638,0.0004713737013619656
1470,0.9999670655405333,3.2934459466728716e-05
1471,0.0006015646305917999,0.9993984353694082
1472,0.9997280137529736,0.00027198624702636794
1473,0.9999905755278223,9.42447217767543e-06
1474,0.9999675070478933,3.2492952106768467e-05
1475,0.9999916284276245,8.371572375586882e-06
1476,0.9982331855751045,0.0017668144248954812
1477,0.9761218335354919,0.023878166464508084
1478,0.9995910736927247,0.00040892630727525997
1479,0.9980545608380602,0.0019454391619397689
1480,0.9999718579492854,2.8142050714600023e-05
1481,0.9997474399372474,0.0002525600627526798
1482,0.9999542399455809,4.5760054419177446e-05
1483,0.999954562506365,4.5437493634967326e-05
1484,0.9999829339028816,1.7066097118332465e-05
1485,0.9991600187200536,0.0008399812799464688
1486,0.9999605940413491,3.9405958650887676e-05
1487,0.9996828771374268,0.0003171228625732037
1488,0.9865849550297136,0.013415044970286501
1489,0.9999586303453802,4.136965461972671e-05
1490,0.9181408264521455,0.08185917354785459
1491,0.9908429857476017,0.009157014252398366
1492,0.9994404838069246,0.0005595161930753624
1493,0.9995909268596104,0.0004090731403896274
1494,0.9988560287936661,0.0011439712063339481
1495,0.36476240198062726,0.6352375980193727
1496,0.9754169284880917,0.024583071511908305
1497,0.9699180592076224,0.03008194079237757
1498,0.9969313230928333,0.0030686769071667087
1499,0.9998639526902152,0.00013604730978477236
1500,0.9999853962310001,1.4603768999843845e-05
1501,0.9998709046823077,0.0001290953176923067
1502,0.7004878386271879,0.2995121613728121
1503,0.9998353798974726,0.00016462010252732567
1504,0.9983891457531192,0.0016108542468807564
1505,0.9999169254657967,8.307453420326364e-05
1506,0.9788550068568423,0.021144993143157615
1507,0.9826136838518232,0.01738631614817678
1508,0.2788083493139428,0.7211916506860572
1509,0.9986738073792655,0.0013261926207345073
1510,0.9044728432428579,0.09552715675714211
1511,0.9989996671212433,0.0010003328787566539
1512,0.0011955242035708302,0.9988044757964292
1513,0.9423893018298614,0.05761069817013863
1514,0.9990782615364814,0.000921738463518568
1515,0.9992384644562416,0.0007615355437582997
1516,0.9999242724038117,7.57275961883477e-05
1517,0.9987985310655609,0.0012014689344390986
1518,0.011596256439124875,0.9884037435608751
1519,0.9997835093251913,0.00021649067480862343
1520,0.9987845530608881,0.0012154469391118773
1521,0.9998718927317449,0.0001281072682550312
1522,0.01632572492556872,0.9836742750744313
1523,0.999981168767162,1.8831232838000602e-05
1524,0.9867774472087713,0.013222552791228782
1525,0.9991786992688956,0.0008213007311044016
1526,0.995454641213104,0.004545358786895948
1527,0.9996052266229344,0.00039477337706558997
1528,0.9966189461009638,0.0033810538990362267
1529,0.9983399767629049,0.0016600232370951318
1530,0.9999381553747875,6.184462521251823e-05
1531,0.9986373563030263,0.0013626436969737421
1532,0.9910623726157876,0.008937627384212433
1533,0.9999613017633162,3.8698236683749464e-05
1534,0.0001234025121814586,0.9998765974878185
1535,0.9998221726338702,0.00017782736612983316
1536,0.9981329372162254,0.0018670627837746136
1537,0.9998328628108898,0.00016713718911022667
1538,0.999469937426967,0.0005300625730330541
1539,0.9946335598934967,0.005366440106503338
1540,0.9967081875840349,0.003291812415965106
1541,0.9999177996731219,8.220032687815995e-05
1542,0.9995160562772016,0.00048394372279838297
1543,0.9965298067940997,0.0034701932059002846
1544,0.9884859028961841,0.011514097103815894
1545,0.9998931774998372,0.0001068225001627803
1546,0.9984883400978919,0.0015116599021081233
1547,0.00907451523597469,0.9909254847640253
1548,0.01640152345717094,0.9835984765428291
1549,0.00675885473669835,0.9932411452633017
1550,0.9995670528460926,0.0004329471539074591
1551,0.9999041698946988,9.583010530124632e-05
1552,0.999727182647531,0.0002728173524689317
1553,0.9999618299099896,3.817009001040967e-05
1554,0.9994964753999641,0.0005035246000358852
1555,0.0012676336141016487,0.9987323663858984
1556,0.9999742426731798,2.5757326820169185e-05
1557,0.9999944302336636,5.569766336382002e-06
1558,0.9982854245751165,0.0017145754248835674
1559,0.998551982042086,0.0014480179579140114
1560,0.9892405500801961,0.010759449919803894
1561,0.9997254154451017,0.00027458455489826
1562,0.9996769519657981,0.0003230480342018692
1563,0.993503706329646,0.006496293670353988
1564,0.005842730971408194,0.9941572690285918
1565,0.9997059406557954,0.0002940593442045829
1566,0.001029884091479083,0.9989701159085209
1567,0.9992736101402033,0.0007263898597966553
1568,0.9695767011510823,0.03042329884891774
1569,0.9981168706444714,0.001883129355528583
1570,0.9967339028290534,0.0032660971709466014
1571,0.9999522417835519,4.7758216448039714e-05
1572,0.9789869890084513,0.02101301099154877
1573,0.06789672031932825,0.9321032796806717
1574,0.9999765110519436,2.3488948056405038e-05
1575,0.9979332464872157,0.002066753512784284
1576,0.9978526551744612,0.0021473448255388103
1577,0.9971746649781857,0.0028253350218142973
1578,0.9998456800664968,0.00015431993350324797
1579,0.9989858236259865,0.0010141763740135173
1580,0.9999606039759801,3.939602401986961e-05
1581,0.9999809978205739,1.9002179426101935e-05
1582,0.9999689527459248,3.1047254075168886e-05
1583,0.9999972873613518,2.7126386481150263e-06
1584,0.9992248786674394,0.0007751213325606186
1585,0.9999410227184526,5.8977281547314794e-05
1586,0.9987715871634151,0.0012284128365848705
1587,0.9999707669873987,2.9233012601255867e-05
1588,0.9999102484381097,8.975156189033629e-05
1589,0.9999484405309553,5.155946904461787e-05
1590,0.9999712817763601,2.871822363994037e-05
1591,0.000935066563682696,0.9990649334363173
1592,0.9999053518070141,9.464819298590626e-05
1593,0.999540266860099,0.00045973313990097545
1594,0.0031701910452952564,0.9968298089547047
1595,0.9739503971667106,0.02604960283328934
1596,0.9999923337199916,7.666280008378494e-06
1597,0.00025204822732582954,0.9997479517726742
1598,0.000772793099974689,0.9992272069000253
1599,0.9999876875496707,1.2312450329270629e-05
1600,0.9999108582811395,8.914171886053237e-05
1601,0.003272786138073247,0.9967272138619268
1602,0.9999733174025396,2.6682597460397338e-05
1603,0.9999975820662746,2.417933725344877e-06
1604,0.004901670238094846,0.9950983297619052
1605,0.0026355765927829067,0.9973644234072171
1606,0.9985247708103386,0.0014752291896613604
1607,0.0010438234239417143,0.9989561765760583
1608,0.999871359538988,0.00012864046101204152
1609,0.996272266894839,0.003727733105160955
1610,0.9898219358655471,0.010178064134452857
1611,0.9955387971879617,0.00446120281203836
1612,0.9999959021012839,4.097898716170075e-06
1613,0.9999619837825127,3.801621748736456e-05
1614,0.9761593556637878,0.023840644336212226
1615,0.9998255458625699,0.00017445413743006835
1616,0.9998432401803483,0.00015675981965171932
1617,0.006336329628132131,0.9936636703718679
1618,0.9997527398347978,0.00024726016520218544
1619,0.991792832432647,0.008207167567352968
1620,0.996707105498973,0.0032928945010269922
1621,0.9998842718608926,0.00011572813910746898
1622,0.9979083738601047,0.0020916261398953853
1623,0.9999869134200171,1.3086579982905111e-05
1624,0.9999883241931133,1.167580688661082e-05
1625,0.5970699145956908,0.40293008540430925
1626,0.9996912932462366,0.00030870675376340115
1627,0.14006232470679014,0.8599376752932099
1628,0.07830474865948012,0.9216952513405199
1629,0.9999631756122584,3.682438774154095e-05
1630,0.9999141402472737,8.585975272636279e-05
1631,0.9999389120789899,6.10879210100737e-05
1632,0.9965766200559093,0.003423379944090718
1633,0.9996087677450248,0.00039123225497515935
1634,0.99552449656447,0.004475503435530017
1635,0.9999808319905334,1.916800946650912e-05
1636,0.9999060322075375,9.396779246250033e-05
1637,0.9958910203784054,0.004108979621594676
1638,0.9975857386919537,0.0024142613080463168
1639,0.9932820203933665,0.006717979606633453
1640,0.9997131685856115,0.00028683141438845067
1641,0.9902953387579101,0.00970466124208988
1642,0.999840645479777,0.0001593545202229385
1643,0.9995787995760596,0.0004212004239404953
1644,0.5949984672090718,0.40500153279092826
1645,0.9998952909310169,0.00010470906898306014
1646,0.9998969471086298,0.00010305289137021123
1647,0.9999855533329081,1.4446667091968266e-05
1648,0.9991451261723884,0.0008548738276116191
1649,0.9986056667412736,0.0013943332587264513
1650,0.9999700226632571,2.997733674297878e-05
1651,0.9960304642870895,0.003969535712910471
1652,0.006221468807491859,0.9937785311925081
1653,0.006694175207024533,0.9933058247929755
1654,0.999308291632341,0.0006917083676590248
1655,0.9904007700008869,0.009599229999113112
1656,0.9997816141879017,0.00021838581209831433
1657,0.22150930496792876,0.7784906950320712
1658,0.9992974723749912,0.0007025276250088252
1659,0.8095366817813376,0.1904633182186623
1660,0.5624370824065157,0.43756291759348437
1661,0.9993805660191512,0.0006194339808488341
1662,0.9998977031030549,0.00010229689694502168
1663,0.9947038543023176,0.005296145697682477
1664,0.9995506104559848,0.00044938954401518063
1665,0.999990159827299,9.840172701022109e-06
1666,0.9996149044532351,0.00038509554676486685
1667,0.999206580507928,0.0007934194920719754
1668,0.8940342086625296,0.10596579133747039
1669,0.0032212226563563817,0.9967787773436436
1670,0.9999587084033132,4.1291596686764703e-05
1671,0.9999772030603806,2.2796939619338967e-05
1672,0.999949454415077,5.05455849230432e-05
1673,0.9999907147826052,9.285217394880963e-06
1674,0.9999873802063324,1.261979366761356e-05
1675,0.9946995975930899,0.005300402406910063
1676,0.9989061451737122,0.001093854826287818
1677,0.991328672868179,0.008671327131820951
1678,0.9999917519835483,8.248016451692217e-06
1679,0.9999767189212094,2.3281078790575202e-05
1680,0.05824754359761142,0.9417524564023886
1681,0.9998842808088009,0.00011571919119915247
1682,0.99542791453717,0.004572085462829949
1683,0.9981856059262929,0.0018143940737070658
1684,0.9999819170604078,1.8082939592177033e-05
1685,0.9999936025333799,6.397466620137395e-06
1686,0.998242399978656,0.0017576000213439852
1687,0.9991866919125983,0.0008133080874016365
1688,0.9999918937356493,8.106264350711805e-06
1689,0.9970029834457875,0.002997016554212444
1690,0.0004248825703984105,0.9995751174296016
1691,0.0015590006685018976,0.9984409993314981
1692,0.007121804735385151,0.9928781952646148
1693,0.9995621848831856,0.0004378151168143927
1694,0.06054930189560892,0.9394506981043911
1695,0.9993038164350867,0.0006961835649132543
1696,0.023720839995181042,0.976279160004819
1697,0.9999786493821172,2.135061788279756e-05
1698,0.9987627594881212,0.0012372405118788357
1699,0.9999616742672507,3.832573274934545e-05
1700,0.9995474779846156,0.00045252201538437814
1701,0.9988704330004758,0.0011295669995242078
1702,0.9999409160429391,5.908395706090631e-05
1703,0.41083543802254263,0.5891645619774574
1704,0.9999896971737207,1.0302826279348735e-05
1705,0.9977447833139459,0.0022552166860540573
1706,0.9996170436443169,0.00038295635568310417
1707,0.9972097542710824,0.0027902457289176604
1708,0.9999752754586236,2.472454137632525e-05
1709,0.9996223634515847,0.0003776365484153101
1710,0.9999377007822678,6.229921773214165e-05
1711,0.999887297728885,0.00011270227111507255
1712,0.30283774953001874,0.6971622504699813
1713,0.9587395654089191,0.04126043459108085
1714,0.9997877258764682,0.00021227412353176967
1715,0.9982990784366089,0.0017009215633910393
1716,0.0042505695316469305,0.9957494304683531
1717,0.9822705552606718,0.017729444739328224
1718,0.001228227509365909,0.9987717724906341
1719,0.9996722811718882,0.0003277188281117289
1720,0.9509101331487193,0.049089866851280674
1721,0.9997809145930732,0.0002190854069268607
1722,0.9999615171936127,3.8482806387341004e-05
1723,0.9991850744079432,0.0008149255920567943
1724,0.0017452924926883995,0.9982547075073116
1725,0.9980492433379669,0.0019507566620331868
1726,0.9890932333664573,0.010906766633542755
1727,0.9999261118264943,7.388817350573161e-05
1728,0.9946372712227721,0.005362728777227887
1729,0.8816671627161531,0.11833283728384693
1730,0.9999983364683264,1.6635316735894454e-06
1731,0.0008085900505526711,0.9991914099494473
1732,0.9999544669059901,4.5533094009922425e-05
1733,0.9044777016635979,0.09552229833640212
1734,0.07460477153231204,0.925395228467688
1735,0.9995483176215317,0.00045168237846823566
1736,0.9997945523645352,0.00020544763546483476
1737,0.9998654830203341,0.0001345169796659017
1738,0.9999653709056343,3.462909436566214e-05
1739,0.9972983581753688,0.0027016418246311857
1740,0.9947953711167004,0.005204628883299608
1741,0.22014837968631473,0.7798516203136853
1742,0.9998048267799942,0.0001951732200057998
1743,0.9999849029706852,1.5097029314781225e-05
1744,0.9981417513347237,0.0018582486652763308
1745,0.9999949215719983,5.078428001696425e-06
1746,0.9992879443674612,0.0007120556325388221
1747,0.0017037804005950452,0.998296219599405
1748,0.9999971858176815,2.8141823185494975e-06
1749,0.9741716109017425,0.0258283890982575
1750,0.9998031404924265,0.0001968595075735375
1751,0.9999837486385743,1.625136142564112e-05
1752,0.9997819925797113,0.00021800742028863084
1753,0.9997595037913977,0.00024049620860235507
1754,0.9999110356613604,8.896433863956657e-05
1755,0.03183723557762719,0.9681627644223728
1756,0.999231261519557,0.0007687384804429941
1757,0.007583411353466518,0.9924165886465335
1758,0.9886092015709286,0.011390798429071395
1759,0.9999109260404266,8.907395957336047e-05
1760,0.9999486632747338,5.133672526623163e-05
1761,0.6940331467598317,0.3059668532401683
1762,0.96447435445544,0.0355256455445599
1763,0.9988631317328699,0.00113686826713009
1764,0.9999156754797953,8.432452020464119e-05
1765,0.9997697653718692,0.00023023462813071682
1766,0.8517457622439376,0.14825423775606236
1767,0.9978311804497877,0.0021688195502123503
1768,0.9666445859686613,0.03335541403133872
1769,0.9999297710009306,7.022899906937197e-05
1770,0.9981758391894395,0.0018241608105605057
1771,0.9991248675807681,0.0008751324192319245
1772,0.9951532316967362,0.004846768303263832
1773,0.9911098762098752,0.008890123790124806
1774,0.9290969150688208,0.07090308493117926
1775,0.9999935832385441,6.416761455810989e-06
1776,0.9998661843158178,0.00013381568418224874
1777,0.9999437838636014,5.6216136398636606e-05
1778,0.9998144236302636,0.0001855763697363921
1779,0.9974730090914335,0.00252699090856644
1780,0.9999898611667071,1.0138833292952349e-05
1781,0.999966757102006,3.3242897994042405e-05
1782,0.9406398830354,0.059360116964600015
1783,0.999997247032886,2.7529671140017268e-06
1784,0.9999846213233259,1.537867667416991e-05
1785,0.9997728789137178,0.00022712108628216544
1786,0.9558532554721785,0.0441467445278215
1787,0.9992679090618217,0.000732090938178242
1788,0.9988759950570169,0.0011240049429831098
1789,0.9998463175452502,0.00015368245474976544
1790,0.9999925707477935,7.4292522065367705e-06
1791,0.9999705790332968,2.9420966703227968e-05
1792,0.8977623977767416,0.10223760222325835
1793,0.9982400442984443,0.0017599557015557303
1794,0.9926008982890986,0.0073991017109013655
1795,0.9927473136075979,0.0072526863924020114
1796,0.06521148849730363,0.9347885115026964
1797,0.9999541629457316,4.583705426839702e-05
1798,0.9982581363435474,0.0017418636564525644
1799,0.24143811357024458,0.7585618864297554
1800,0.00011987299468863011,0.9998801270053114
1801,0.9999976536444469,2.3463555530178806e-06
1802,0.9932350467285521,0.006764953271447838
1803,0.9894193478692486,0.010580652130751475
1804,0.9944648330143624,0.005535166985637589
1805,0.9991380523449135,0.0008619476550864769
1806,0.999932791100912,6.720889908798712e-05
1807,0.0029410780954954863,0.9970589219045045
1808,0.9809754429531485,0.019024557046851517
1809,0.9998695291310347,0.0001304708689653872
1810,0.999943699045292,5.630095470802869e-05
1811,0.9995062347933267,0.0004937652066733368
1812,0.9999951397817755,4.860218224561901e-06
1813,0.9997832008783498,0.0002167991216502203
1814,0.9998311203928252,0.00016887960717481735
1815,0.9994459301579153,0.0005540698420847544
1816,0.9999948909673927,5.1090326072929005e-06
1817,0.007893235803515197,0.9921067641964848
1818,0.9999180327600766,8.196723992334662e-05
1819,0.9971588679657726,0.0028411320342274045
1820,0.9854432069072201,0.014556793092779949
1821,0.9989946008213728,0.00100539917862715
1822,0.0005713415665125066,0.9994286584334875
1823,0.9997969353555647,0.00020306464443532705
1824,0.9996252199982196,0.00037478000178034845
1825,0.9985682791744481,0.0014317208255518995
1826,0.9994799407313111,0.0005200592686888851
1827,0.9809928546533687,0.019007145346631282
1828,0.9999217356293356,7.826437066439484e-05
1829,0.9971060867286844,0.002893913271315574
1830,0.9852148111372134,0.014785188862786559
1831,0.9881943029823995,0.01180569701760052
1832,0.0017787197580436676,0.9982212802419563
1833,0.10431124441228268,0.8956887555877173
1834,0.9328801976352312,0.06711980236476878
1835,0.7311170608468975,0.26888293915310246
1836,0.9992586019917143,0.0007413980082856543
1837,0.9999255548633198,7.444513668018915e-05
1838,0.8760873780592605,0.12391262194073945
1839,0.9998819679504185,0.0001180320495815318
1840,0.9999889479830233,1.1052016976677346e-05
1841,0.9999930782450788,6.921754921184214e-06
1842,0.9886534130113753,0.01134658698862473
1843,0.9999924540609133,7.5459390866748665e-06
1844,0.9999969464781102,3.053521889792357e-06
1845,0.004491051866122642,0.9955089481338774
1846,0.9994549023463213,0.0005450976536786742
1847,0.003995791258273207,0.9960042087417268
1848,0.6696350606662443,0.33036493933375566
1849,0.9997205766355695,0.0002794233644305737
1850,0.9985041649704888,0.0014958350295111852
1851,0.9999087990032096,9.120099679044036e-05
1852,0.41052265477517147,0.5894773452248285
1853,0.9942742955394859,0.005725704460514165
1854,0.9617568392255452,0.03824316077445478
1855,0.9991077738731067,0.0008922261268933322
1856,0.9994332044460463,0.0005667955539536817
1857,0.9998150605103251,0.00018493948967490524
1858,0.02622315242160711,0.9737768475783929
1859,0.9999344992802541,6.550071974582402e-05
1860,0.9999917483989283,8.251601071704444e-06
1861,0.9999809683982633,1.9031601736672786e-05
1862,0.0047743718063810725,0.9952256281936189
1863,0.9969247832905013,0.0030752167094987
1864,0.9990807651246069,0.0009192348753930908
1865,0.5313891532353849,0.4686108467646151
1866,0.34912177680243595,0.650878223197564
1867,0.9999763139779685,2.36860220315237e-05
1868,0.9881229461133555,0.011877053886644555
1869,0.9995952752720727,0.00040472472792728585
1870,0.0456162483203173,0.9543837516796827
1871,0.9992842959409312,0.0007157040590687973
1872,0.9999558428374982,4.4157162501831135e-05
1873,0.9997999377303098,0.00020006226969013143
1874,0.9960237242346386,0.003976275765361396
1875,0.9993331583852973,0.0006668416147026948
1876,0.9996530267828293,0.00034697321717070637
1877,0.002346326335349924,0.9976536736646501
1878,0.9983118129790283,0.0016881870209717671
1879,0.973808340944761,0.026191659055239035
1880,0.9997971920676355,0.00020280793236448187
1881,0.9999993293821634,6.706178366051519e-07
1882,0.9978077191023895,0.00219228089761053
1883,0.9962501563819105,0.0037498436180894916
1884,0.9999914957562427,8.504243757261951e-06
1885,0.9999684226035553,3.1577396444715116e-05
1886,0.9998243751620758,0.00017562483792421833
1887,0.9905360662559832,0.009463933744016731
1888,0.0005073930602139676,0.999492606939786
1889,0.9999944247747826,5.575225217359599e-06
1890,0.9999568903341508,4.310966584919575e-05
1891,0.9999978034910519,2.196508948060682e-06
1892,0.005418882509810818,0.9945811174901892
1893,0.9999161568840986,8.384311590135018e-05
1894,0.9999565023745676,4.3497625432478045e-05
1895,0.931632043340782,0.06836795665921801
1896,0.9999512201406356,4.8779859364351613e-05
1897,0.9999845894480384,1.5410551961634466e-05
1898,0.9985337875433802,0.0014662124566198439
1899,0.9999943550233015,5.644976698532571e-06
1900,0.9988238600818882,0.0011761399181118755
1901,0.9993175214504987,0.000682478549501323
1902,0.9976373525342763,0.0023626474657236747
1903,0.9999103279092112,8.967209078878395e-05
1904,0.999862396526861,0.00013760347313898394
1905,0.9998470269782143,0.0001529730217857619
1906,0.9992137291714408,0.0007862708285592228
1907,0.9998841487820603,0.00011585121793965753
1908,0.9999834001511048,1.6599848895209187e-05
1909,0.9991543849564745,0.0008456150435255441
1910,0.9982780671614405,0.0017219328385595118
1911,0.9998775995922067,0.0001224004077932964
1912,0.9994222280602867,0.0005777719397133584
1913,0.999996357852187,3.6421478130346288e-06
1914,0.999987537735651,1.2462264349030806e-05
1915,0.9999722251394375,2.7774860562481906e-05
1916,0.7237469050217039,0.2762530949782961
1917,0.8180079786278875,0.1819920213721124
1918,0.9999290138968954,7.098610310459275e-05
1919,0.04036124486400827,0.9596387551359917
1920,0.0004845551878568388,0.9995154448121432
1921,0.9999997957087502,2.0429124983445672e-07
1922,0.9974121668665025,0.0025878331334974985
1923,0.9986638236302589,0.0013361763697411668
1924,0.9604234128898842,0.03957658711011581
1925,0.9999941394000919,5.8605999081012504e-06
1926,0.057379438725195464,0.9426205612748045
1927,0.9996400439715014,0.00035995602849861474
1928,0.99877895517343,0.0012210448265700413
1929,0.8262709820956013,0.17372901790439862
1930,0.9979326264118864,0.0020673735881136116
1931,0.9999913054311445,8.694568855556456e-06
1932,0.9965316000528567,0.0034683999471433525
1933,0.9758820014582298,0.024117998541770217
1934,0.9999890574164398,1.0942583560104337e-05
1935,0.9995608205303284,0.0004391794696715997
1936,0.9999139925622471,8.60074377528501e-05
1937,0.953399248978398,0.04660075102160197
1938,0.999894543884224,0.00010545611577595425
1939,0.9996105667723378,0.000389433227662187
1940,0.9986667149291227,0.0013332850708772186
1941,0.9999982019664111,1.7980335889039562e-06
1942,0.005055904252313281,0.9949440957476867
1943,0.999962530866129,3.746913387100949e-05
1944,0.10230751780913061,0.8976924821908694
1945,0.9989441912680903,0.0010558087319096437
1946,0.9848959426205691,0.015104057379430831
1947,0.999997457892154,2.542107846043502e-06
1948,0.0009482701906508018,0.9990517298093492
1949,0.9999977968745977,2.2031254023034463e-06
1950,0.12005804338064663,0.8799419566193534
1951,0.9990672118522453,0.0009327881477546717
1952,0.9999733821241765,2.6617875823437472e-05
1953,0.9997997801782276,0.0002002198217724748
1954,0.9999370670417312,6.29329582687257e-05
1955,0.9999750950363782,2.4904963621878784e-05
1956,0.34942863490831233,0.6505713650916877
1957,0.9987500443614885,0.001249955638511447
1958,0.9640395601187681,0.0359604398812319
1959,0.9999728911021429,2.7108897857086577e-05
1960,0.007879908443004124,0.9921200915569959
1961,0.9996778562452239,0.0003221437547760723
1962,0.99942307426864,0.0005769257313600536
1963,0.734885375514155,0.265114624485845
1964,0.9999788619491776,2.1138050822414348e-05
1965,0.999542336956381,0.00045766304361910363
1966,0.9678272392119989,0.032172760788001166
1967,0.9910868145311202,0.008913185468879726
1968,0.9987353303783629,0.0012646696216370495
1969,0.9998431270985612,0.00015687290143886635
1970,0.9982519256766277,0.001748074323372274
1971,0.9975902871028544,0.0024097128971456083
1972,0.9999416306326825,5.836936731750419e-05
1973,0.9999474914522087,5.250854779131662e-05
1974,0.9980447121278444,0.001955287872155648
1975,0.9487774877832655,0.051222512216734455
1976,0.9860182659131145,0.013981734086885507
1977,0.9996859431604876,0.00031405683951238485
1978,0.025705374002382042,0.974294625997618
1979,0.9999314259733524,6.857402664763317e-05
1980,0.9934789517523083,0.006521048247691764
1981,0.014760560987975957,0.985239439012024
1982,0.9999454043196161,5.459568038386516e-05
1983,0.9997420339522469,0.0002579660477530934
1984,0.9999324501576299,6.754984237011672e-05
1985,0.0035944364520151817,0.9964055635479848
1986,0.9998751624803971,0.00012483751960294063
1987,0.9998876609001517,0.00011233909984825978
1988,0.9999203527360856,7.964726391445772e-05
1989,0.000314207592837068,0.9996857924071629
1990,0.7693367052416543,0.2306632947583457
1991,0.9877412027934513,0.012258797206548622
1992,0.999501824539982,0.0004981754600179173
1993,0.9995805035076109,0.00041949649238916194
1994,0.996797372307605,0.0032026276923949465
1995,0.9999943018301726,5.6981698274710425e-06
1996,0.999828643666243,0.000171356333756949
1997,0.9799083603053907,0.020091639694609243
1998,0.9970346377570212,0.0029653622429788697
1999,0.9742601683000679,0.0257398316999321
2000,0.9999661802031262,3.3819796873755116e-05
2001,0.9997880902586942,0.00021190974130580424
2002,0.9992919053476752,0.0007080946523247991
2003,0.999046512803587,0.000953487196412938
2004,0.05396547971529875,0.9460345202847013
2005,0.999561792416975,0.0004382075830250839
2006,0.9996648087967899,0.00033519120321008134
2007,0.9970736781767529,0.0029263218232471666
2008,0.9998812474258812,0.00011875257411876161
2009,0.9997153654211975,0.0002846345788025111
2010,0.9991942651959382,0.0008057348040617181
2011,0.5289941157683181,0.4710058842316819
2012,0.03328090592075317,0.9667190940792468
2013,0.9999621626880684,3.783731193163469e-05
2014,0.9996376657612286,0.0003623342387714218
2015,0.9987776221153774,0.00122237788462264
2016,0.03338862297930123,0.9666113770206988
2017,0.9842791401966264,0.015720859803373594
2018,0.9705624270997147,0.029437572900285206
2019,0.9923192947154035,0.007680705284596517
2020,0.9999245066728157,7.549332718429627e-05
2021,0.9997451133463403,0.00025488665365974435
2022,0.998945390267138,0.0010546097328619863
2023,0.9999943857782785,5.614221721522784e-06
2024,0.9999471291888917,5.2870811108324054e-05
2025,0.9991145076704874,0.000885492329512581
